Name,Director,Total Vote,Year,IMDB score,MC Score,Genre
The Shawshank Redemption,Frank Darabont,2318407,1994,9.3,80.0,Drama            
The Dark Knight,Christopher Nolan,2280614,2008,9.0,84.0,Action,Crime,Drama            
Inception,Christopher Nolan,2043823,2010,8.8,74.0,Action,Adventure,Sci-Fi            
Fight Club,David Fincher,1836556,1999,8.8,66.0,Drama            
Pulp Fiction,Quentin Tarantino,1808737,1994,8.9,94.0,Crime,Drama            
Forrest Gump,Robert Zemeckis,1787786,1994,8.8,82.0,Drama,Romance            
The Matrix,Lana Wachowski,1659036,1999,8.7,73.0,Action,Sci-Fi            
The Lord of the Rings: The Fellowship of the Ring,Peter Jackson,1643836,2001,8.8,92.0,Action,Adventure,Drama            
The Lord of the Rings: The Return of the King,Peter Jackson,1627500,2003,8.9,94.0,Action,Adventure,Drama            
The Godfather,Francis Ford Coppola,1600967,1972,9.2,100.0,Crime,Drama            
The Dark Knight Rises,Christopher Nolan,1502970,2012,8.4,78.0,Action,Adventure            
Interstellar,Christopher Nolan,1488720,2014,8.6,74.0,Adventure,Drama,Sci-Fi            
The Lord of the Rings: The Two Towers,Peter Jackson,1471313,2002,8.7,87.0,Action,Adventure,Drama            
Se7en,David Fincher,1428862,1995,8.6,65.0,Crime,Drama,Mystery            
Django Unchained,Quentin Tarantino,1342190,2012,8.4,81.0,Drama,Western            
Gladiator,Ridley Scott,1328635,2000,8.5,67.0,Action,Adventure,Drama            
Batman Begins,Christopher Nolan,1297031,2005,8.2,70.0,Action,Adventure            
The Silence of the Lambs,Jonathan Demme,1257407,1991,8.6,85.0,Crime,Drama,Thriller            
Inglourious Basterds,Quentin Tarantino,1252990,2009,8.3,69.0,Adventure,Drama,War            
The Avengers,Joss Whedon,1252853,2012,8.0,69.0,Action,Adventure,Sci-Fi            
Saving Private Ryan,Steven Spielberg,1223584,1998,8.6,91.0,Drama,War            
Star Wars: Episode IV - A New Hope,George Lucas,1220072,1977,8.6,90.0,Action,Adventure,Fantasy            
Schindler's List,Steven Spielberg,1202371,1993,8.9,94.0,Biography,Drama,History            
The Departed,Martin Scorsese,1178005,2006,8.5,85.0,Crime,Drama,Thriller            
The Prestige,Christopher Nolan,1177144,2006,8.5,66.0,Drama,Mystery,Sci-Fi            
The Wolf of Wall Street,Martin Scorsese,1167217,2013,8.2,75.0,Biography,Crime,Drama            
Star Wars: Episode V - The Empire Strikes Back,Irvin Kershner,1148146,1980,8.7,82.0,Action,Adventure,Fantasy            
The Green Mile,Frank Darabont,1134462,1999,8.6,61.0,Crime,Drama,Fantasy            
The Godfather: Part II,Francis Ford Coppola,1118208,1974,9.0,90.0,Crime,Drama            
Shutter Island,Martin Scorsese,1116885,2010,8.2,63.0,Mystery,Thriller            
Memento,Christopher Nolan,1116060,2000,8.4,80.0,Mystery,Thriller            
Avatar,James Cameron,1112057,2009,7.8,83.0,Action,Adventure,Fantasy            
American Beauty,Sam Mendes,1061965,1999,8.3,84.0,Drama            
Back to the Future,Robert Zemeckis,1046694,1985,8.5,87.0,Adventure,Comedy,Sci-Fi            
Titanic,James Cameron,1036950,1997,7.8,75.0,Drama,Romance            
Guardians of the Galaxy,James Gunn,1035296,2014,8.0,76.0,Action,Adventure,Comedy            
American History X,Tony Kaye,1027054,1998,8.5,62.0,Drama            
Léon: The Professional,Luc Besson,1025019,1994,8.5,64.0,Action,Crime,Drama            
V for Vendetta,James McTeigue,1024801,2005,8.2,62.0,Action,Drama,Sci-Fi            
Pirates of the Caribbean: The Curse of the Black Pearl,Gore Verbinski,1009864,2003,8.0,63.0,Action,Adventure,Fantasy            
Goodfellas,Martin Scorsese,1009458,1990,8.7,90.0,Biography,Crime,Drama            
Kill Bill: Vol. 1,Quentin Tarantino,991845,2003,8.1,69.0,Action,Crime,Thriller            
WALL·E,Andrew Stanton,989746,2008,8.4,95.0,Animation,Adventure,Family            
Terminator 2: Judgment Day,James Cameron,988035,1991,8.5,75.0,Action,Sci-Fi            
The Usual Suspects,Bryan Singer,982954,1995,8.5,77.0,Crime,Mystery,Thriller            
Braveheart,Mel Gibson,952459,1995,8.3,68.0,Biography,Drama,History            
Star Wars: Episode VI - Return of the Jedi,Richard Marquand,941194,1983,8.3,58.0,Action,Adventure,Fantasy            
Finding Nemo,Andrew Stanton,941185,2003,8.1,90.0,Animation,Adventure,Comedy            
The Lion King,Roger Allers,932468,1994,8.5,88.0,Animation,Adventure,Drama            
Iron Man,Jon Favreau,931727,2008,7.9,79.0,Action,Adventure,Sci-Fi            
The Truman Show,Peter Weir,928515,1998,8.1,90.0,Comedy,Drama,Sci-Fi            
Up,Pete Docter,925885,2009,8.2,88.0,Animation,Adventure,Comedy            
Reservoir Dogs,Quentin Tarantino,910368,1992,8.3,79.0,Crime,Drama,Thriller            
One Flew Over the Cuckoo's Nest,Milos Forman,909996,1975,8.7,83.0,Drama            
Joker,Todd Phillips,909816,2019,8.5,59.0,Crime,Drama,Thriller            
The Sixth Sense,M. Night Shyamalan,905252,1999,8.1,64.0,Drama,Mystery,Thriller            
Eternal Sunshine of the Spotless Mind,Michel Gondry,904094,2004,8.3,89.0,Drama,Romance,Sci-Fi            
Deadpool,Tim Miller,894941,2016,8.0,65.0,Action,Adventure,Comedy            
The Shining,Stanley Kubrick,889240,1980,8.4,66.0,Drama,Horror            
Toy Story,John Lasseter,878661,1995,8.3,95.0,Animation,Adventure,Comedy            
Raiders of the Lost Ark,Steven Spielberg,877104,1981,8.4,85.0,Action,Adventure            
Mad Max: Fury Road,George Miller,872310,2015,8.1,90.0,Action,Adventure,Sci-Fi            
Jurassic Park,Steven Spielberg,859624,1993,8.1,68.0,Action,Adventure,Sci-Fi            
Star Wars: Episode VII - The Force Awakens,J.J. Abrams,853958,2015,7.9,80.0,Action,Adventure,Sci-Fi            
Good Will Hunting,Gus Van Sant,852626,1997,8.3,70.0,Drama,Romance            
Gone Girl,David Fincher,849896,2014,8.1,79.0,Drama,Mystery,Thriller            
No Country for Old Men,Ethan Coen,847206,2007,8.1,91.0,Crime,Drama,Thriller            
A Beautiful Mind,Ron Howard,840842,2001,8.2,72.0,Biography,Drama            
The Hunger Games,Gary Ross,839757,2012,7.2,68.0,Action,Adventure,Sci-Fi            
Avengers: Infinity War,Anthony Russo,819196,2018,8.4,68.0,Action,Adventure,Sci-Fi            
Catch Me If You Can,Steven Spielberg,818490,2002,8.1,75.0,Biography,Crime,Drama            
"Monsters, Inc.",Pete Docter,807615,2001,8.1,79.0,Animation,Adventure,Comedy            
The Terminator,James Cameron,795358,1984,8.0,84.0,Action,Sci-Fi            
Slumdog Millionaire,Danny Boyle,793855,2008,8.0,84.0,Drama,Romance            
Avengers: Endgame,Anthony Russo,787845,2019,8.4,78.0,Action,Adventure,Drama            
Alien,Ridley Scott,781174,1979,8.4,89.0,Horror,Sci-Fi            
Die Hard,John McTiernan,779077,1988,8.2,72.0,Action,Thriller            
Snatch,Guy Ritchie,775937,2000,8.3,55.0,Comedy,Crime            
Gravity,Alfonso Cuarón,763987,2013,7.7,96.0,Drama,Sci-Fi,Thriller            
Requiem for a Dream,Darren Aronofsky,760240,2000,8.3,68.0,Drama            
Harry Potter and the Deathly Hallows: Part 2,David Yates,756011,2011,8.1,85.0,Adventure,Drama,Fantasy            
The Martian,Ridley Scott,752602,2015,8.0,80.0,Adventure,Drama,Sci-Fi            
The Hobbit: An Unexpected Journey,Peter Jackson,752308,2012,7.8,58.0,Adventure,Fantasy            
A Clockwork Orange,Stanley Kubrick,751904,1971,8.3,77.0,Crime,Drama,Sci-Fi            
Toy Story 3,Lee Unkrich,750481,2010,8.3,92.0,Animation,Adventure,Comedy            
The Intouchables,Olivier Nakache,750084,2011,8.5,57.0,Biography,Comedy,Drama            
Iron Man Three,Shane Black,748967,2013,7.2,62.0,Action,Adventure,Sci-Fi            
Thor,Kenneth Branagh,740503,2011,7.0,57.0,Action,Adventure,Fantasy            
Sin City,Frank Miller,736599,2005,8.0,74.0,Crime,Thriller            
Donnie Darko,Richard Kelly,735611,2001,8.0,88.0,Drama,Mystery,Sci-Fi            
Scarface,Brian De Palma,733607,1983,8.3,65.0,Crime,Drama            
Avengers: Age of Ultron,Joss Whedon,733551,2015,7.3,66.0,Action,Adventure,Sci-Fi            
Captain America: The First Avenger,Joe Johnston,733348,2011,6.9,66.0,Action,Adventure,Sci-Fi            
Captain America: The Winter Soldier,Anthony Russo,729201,2014,7.7,70.0,Action,Adventure,Sci-Fi            
300,Zack Snyder,728831,2006,7.6,52.0,Action,Drama            
The Big Lebowski,Joel Coen,726260,1998,8.1,71.0,Comedy,Crime,Sport            
Star Wars: Episode I - The Phantom Menace,George Lucas,723133,1999,6.5,51.0,Action,Adventure,Fantasy            
The Pianist,Roman Polanski,721469,2002,8.5,85.0,Biography,Drama,Music            
Taxi Driver,Martin Scorsese,716899,1976,8.3,94.0,Crime,Drama            
Iron Man 2,Jon Favreau,715755,2010,7.0,57.0,Action,Adventure,Sci-Fi            
Gran Torino,Clint Eastwood,715575,2008,8.1,72.0,Drama            
The Hangover,Todd Phillips,713171,2009,7.7,73.0,Comedy            
Whiplash,Damien Chazelle,707075,2014,8.5,88.0,Drama,Music            
Star Wars: Episode III - Revenge of the Sith,George Lucas,704379,2005,7.5,68.0,Action,Adventure,Fantasy            
The Grand Budapest Hotel,Wes Anderson,699467,2014,8.1,88.0,Adventure,Comedy,Crime            
Amélie,Jean-Pierre Jeunet,698673,2001,8.3,69.0,Comedy,Romance            
The Revenant,Alejandro G. Iñárritu,697219,2015,8.0,76.0,Action,Adventure,Drama            
Black Swan,Darren Aronofsky,694356,2010,8.0,79.0,Drama,Thriller            
City of God,Fernando Meirelles,694255,2002,8.6,79.0,Crime,Drama            
Blade Runner,Ridley Scott,687995,1982,8.1,84.0,Action,Sci-Fi,Thriller            
Indiana Jones and the Last Crusade,Steven Spielberg,686785,1989,8.2,65.0,Action,Adventure            
Man of Steel,Zack Snyder,685597,2013,7.0,55.0,Action,Adventure,Sci-Fi            
Spider-Man,Sam Raimi,683122,2002,7.3,73.0,Action,Adventure,Sci-Fi            
"The Good, the Bad and the Ugly",Sergio Leone,682556,1966,8.8,90.0,Western            
12 Angry Men,Sidney Lumet,682177,1957,9.0,96.0,Crime,Drama            
I Am Legend,Francis Lawrence,681801,2007,7.2,65.0,Action,Adventure,Drama            
The Imitation Game,Morten Tyldum,678477,2014,8.0,73.0,Biography,Drama,Thriller            
Kill Bill: Vol. 2,Quentin Tarantino,678197,2004,8.0,83.0,Action,Crime,Thriller            
Full Metal Jacket,Stanley Kubrick,669256,1987,8.3,76.0,Drama,War            
How to Train Your Dragon,Dean DeBlois,660839,2010,8.1,75.0,Animation,Action,Adventure            
Silver Linings Playbook,David O. Russell,657391,2012,7.7,81.0,Comedy,Drama,Romance            
X-Men: Days of Future Past,Bryan Singer,656281,2014,7.9,75.0,Action,Adventure,Sci-Fi            
Captain America: Civil War,Anthony Russo,655898,2016,7.8,75.0,Action,Adventure,Sci-Fi            
The Incredibles,Brad Bird,651401,2004,8.0,90.0,Animation,Action,Adventure            
Pirates of the Caribbean: Dead Man's Chest,Gore Verbinski,651037,2006,7.3,53.0,Action,Adventure,Fantasy            
Aliens,James Cameron,648140,1986,8.3,84.0,Action,Adventure,Sci-Fi            
Harry Potter and the Sorcerer's Stone,Chris Columbus,646723,2001,7.6,64.0,Adventure,Family,Fantasy            
X: First Class,Matthew Vaughn,642341,2011,7.7,65.0,Action,Adventure,Sci-Fi            
Spirited Away,Hayao Miyazaki,641956,2001,8.6,96.0,Animation,Adventure,Family            
Logan,James Mangold,640305,2017,8.1,77.0,Action,Drama,Sci-Fi            
District 9,Neill Blomkamp,635397,2009,7.9,81.0,Action,Sci-Fi,Thriller            
Star Wars: Episode II - Attack of the Clones,George Lucas,635190,2002,6.5,54.0,Action,Adventure,Fantasy            
The King's Speech,Tom Hooper,635030,2010,8.0,88.0,Biography,Drama,History            
Ratatouille,Brad Bird,634566,2007,8.0,96.0,Animation,Adventure,Comedy            
12 Years a Slave,Steve McQueen,634345,2013,8.1,96.0,Biography,Drama,History            
Million Dollar Baby,Clint Eastwood,631164,2004,8.1,86.0,Drama,Sport            
Trainspotting,Danny Boyle,630389,1996,8.1,83.0,Drama            
Skyfall,Sam Mendes,626715,2012,7.7,81.0,Action,Adventure,Thriller            
Batman v Superman: Dawn of Justice,Zack Snyder,619559,2016,6.4,44.0,Action,Adventure,Sci-Fi            
The Social Network,David Fincher,618998,2010,7.7,95.0,Biography,Drama            
Black Panther,Ryan Coogler,617651,2018,7.3,88.0,Action,Adventure,Sci-Fi            
Life Is Beautiful,Roberto Benigni,616917,1997,8.6,59.0,Comedy,Drama,Romance            
Pan's Labyrinth,Guillermo del Toro,614395,2006,8.2,98.0,Drama,Fantasy,War            
Fargo,Joel Coen,611665,1996,8.1,85.0,Crime,Drama,Thriller            
The Hunger Games: Catching Fire,Francis Lawrence,609991,2013,7.5,76.0,Action,Adventure,Mystery            
Shrek,Andrew Adamson,608655,2001,7.8,84.0,Animation,Adventure,Comedy            
Inside Out,Pete Docter,605089,2015,8.1,94.0,Animation,Adventure,Comedy            
The Bourne Ultimatum,Paul Greengrass,602042,2007,8.0,85.0,Action,Mystery,Thriller            
Apocalypse Now,Francis Ford Coppola,601045,1979,8.4,94.0,Drama,Mystery,War            
Psycho,Alfred Hitchcock,598842,1960,8.5,97.0,Horror,Mystery,Thriller            
2001: A Space Odyssey,Stanley Kubrick,598072,1968,8.3,84.0,Adventure,Sci-Fi            
World War Z,Marc Forster,597437,2013,7.0,63.0,Action,Adventure,Horror            
The Hobbit: The Desolation of Smaug,Peter Jackson,596742,2013,7.8,66.0,Adventure,Fantasy            
Suicide Squad,David Ayer,595074,2016,6.0,40.0,Action,Adventure,Fantasy            
Edge of Tomorrow,Doug Liman,594919,2014,7.9,71.0,Action,Adventure,Sci-Fi            
Transformers,Michael Bay,593449,2007,7.0,61.0,Action,Adventure,Sci-Fi            
Prisoners,Denis Villeneuve,593366,2013,8.1,70.0,Crime,Drama,Mystery            
Now You See Me,Louis Leterrier,592179,2013,7.3,50.0,Crime,Mystery,Thriller            
Pirates of the Caribbean: At World's End,Gore Verbinski,591527,2007,7.1,50.0,Action,Adventure,Fantasy            
Doctor Strange,Scott Derrickson,590398,2016,7.5,72.0,Action,Adventure,Fantasy            
Thor: The Dark World,Alan Taylor,590154,2013,6.9,54.0,Action,Adventure,Fantasy            
Arrival,Denis Villeneuve,587183,2016,7.9,81.0,Drama,Sci-Fi            
Kingsman: The Secret Service,Matthew Vaughn,586269,2014,7.7,60.0,Action,Adventure,Comedy            
The Curious Case of Benjamin Button,David Fincher,583894,2008,7.8,70.0,Drama,Fantasy,Romance            
Sherlock Holmes,Guy Ritchie,579573,2009,7.6,57.0,Action,Adventure,Mystery            
Thor: Ragnarok,Taika Waititi,578450,2017,7.9,74.0,Action,Adventure,Comedy            
Casino Royale,Martin Campbell,578070,2006,8.0,80.0,Action,Adventure,Thriller            
Life of Pi,Ang Lee,576570,2012,7.9,79.0,Adventure,Drama,Fantasy            
Jurassic World,Colin Trevorrow,575519,2015,7.0,59.0,Action,Adventure,Sci-Fi            
Birdman or (The Unexpected Virtue of Ignorance),Alejandro G. Iñárritu,575179,2014,7.7,87.0,Comedy,Drama            
Star Trek,J.J. Abrams,575143,2009,7.9,82.0,Action,Adventure,Sci-Fi            
Groundhog Day,Harold Ramis,574710,1993,8.0,72.0,Comedy,Fantasy,Romance            
12 Monkeys,Terry Gilliam,574102,1995,8.0,74.0,Mystery,Sci-Fi,Thriller            
Heat,Michael Mann,571252,1995,8.2,76.0,Crime,Drama,Thriller            
Argo,Ben Affleck,568836,2012,7.7,86.0,Biography,Drama,Thriller            
Frozen,Chris Buck,567752,2013,7.4,75.0,Animation,Adventure,Comedy            
Into the Wild,Sean Penn,567736,2007,8.1,73.0,Adventure,Biography,Drama            
X-Men,Bryan Singer,567464,2000,7.4,64.0,Action,Adventure,Sci-Fi            
Ted,Seth MacFarlane,567006,2012,6.9,62.0,Comedy            
Drive,Nicolas Winding Refn,566549,2011,7.8,78.0,Crime,Drama            
Prometheus,Ridley Scott,565859,2012,7.0,64.0,Adventure,Mystery,Sci-Fi            
Ant-Man,Peyton Reed,563566,2015,7.3,64.0,Action,Adventure,Comedy            
Taken,Pierre Morel,562272,2008,7.8,51.0,Action,Thriller            
Guardians of the Galaxy Vol. 2,James Gunn,562093,2017,7.6,67.0,Action,Adventure,Comedy            
Star Wars: Episode VIII - The Last Jedi,Rian Johnson,557243,2017,7.0,84.0,Action,Adventure,Fantasy            
The Amazing Spider-Man,Marc Webb,555402,2012,6.9,66.0,Action,Adventure,Sci-Fi            
Rogue One: A Star Wars Story,Gareth Edwards,548179,2016,7.8,65.0,Action,Adventure,Sci-Fi            
Harry Potter and the Chamber of Secrets,Chris Columbus,547622,2002,7.4,63.0,Adventure,Family,Fantasy            
Dunkirk,Christopher Nolan,546194,2017,7.9,94.0,Action,Drama,History            
Harry Potter and the Prisoner of Azkaban,Alfonso Cuarón,545208,2004,7.9,82.0,Adventure,Family,Fantasy            
Wonder Woman,Patty Jenkins,545167,2017,7.4,76.0,Action,Adventure,Fantasy            
Harry Potter and the Goblet of Fire,Mike Newell,541717,2005,7.7,81.0,Adventure,Family,Fantasy            
Jaws,Steven Spielberg,540838,1975,8.0,87.0,Adventure,Thriller            
Spider-Man 2,Sam Raimi,539692,2004,7.3,83.0,Action,Adventure,Sci-Fi            
Once Upon a Time... In Hollywood,Quentin Tarantino,535597,2019,7.6,83.0,Comedy,Drama            
Her,Spike Jonze,534651,2013,8.0,90.0,Drama,Romance,Sci-Fi            
John Wick,Chad Stahelski,531567,2014,7.4,68.0,Action,Crime,Thriller            
Looper,Rian Johnson,531551,2012,7.4,84.0,Action,Drama,Sci-Fi            
"Lock, Stock and Two Smoking Barrels",Guy Ritchie,531230,1998,8.2,66.0,Action,Comedy,Crime            
L.A. Confidential,Curtis Hanson,528027,1997,8.2,90.0,Crime,Drama,Mystery            
Independence Day,Roland Emmerich,524614,1996,7.0,59.0,Action,Adventure,Sci-Fi            
Limitless,Neil Burger,524019,2011,7.4,59.0,Sci-Fi,Thriller            
Toy Story 2,John Lasseter,522586,1999,7.9,88.0,Animation,Adventure,Comedy            
Kick-Ass,Matthew Vaughn,521947,2010,7.6,66.0,Action,Comedy,Crime            
Parasite,Bong Joon Ho,520997,2019,8.6,96.0,Comedy,Drama,Thriller            
Cast Away,Robert Zemeckis,518562,2000,7.8,73.0,Adventure,Drama,Romance            
Casablanca,Michael Curtiz,517444,1942,8.5,100.0,Drama,Romance,War            
Superbad,Greg Mottola,517113,2007,7.6,76.0,Comedy            
Zombieland,Ruben Fleischer,516920,2009,7.6,73.0,Adventure,Comedy,Fantasy            
The Notebook,Nick Cassavetes,515877,2004,7.8,53.0,Drama,Romance            
Rocky,John G. Avildsen,513919,1976,8.1,70.0,Drama,Sport            
Men in Black,Barry Sonnenfeld,512775,1997,7.3,71.0,Action,Adventure,Comedy            
Ocean's Eleven,Steven Soderbergh,512099,2001,7.7,74.0,Crime,Thriller            
There Will Be Blood,Paul Thomas Anderson,511973,2007,8.2,93.0,Drama            
The Matrix Reloaded,Lana Wachowski,511913,2003,7.2,62.0,Action,Sci-Fi            
Oldboy,Chan-wook Park,510142,2003,8.4,77.0,Action,Drama,Mystery            
The Hateful Eight,Quentin Tarantino,509692,2015,7.8,68.0,Crime,Drama,Mystery            
X2: X-Men United,Bryan Singer,508889,2003,7.4,68.0,Action,Adventure,Sci-Fi            
Shaun of the Dead,Edgar Wright,508837,2004,7.9,76.0,Comedy,Horror            
21 Jump Street,Phil Lord,507540,2012,7.2,69.0,Action,Comedy,Crime            
The Bourne Identity,Doug Liman,505174,2002,7.9,68.0,Action,Mystery,Thriller            
Spider-Man: Homecoming,Jon Watts,504841,2017,7.4,73.0,Action,Adventure,Sci-Fi            
Minority Report,Steven Spielberg,504808,2002,7.6,80.0,Action,Crime,Mystery            
Harry Potter and the Order of the Phoenix,David Yates,504679,2007,7.5,71.0,Action,Adventure,Family            
La La Land,Damien Chazelle,498336,2016,8.0,94.0,Comedy,Drama,Music            
Watchmen,Zack Snyder,497682,2009,7.6,56.0,Action,Drama,Mystery            
Monty Python and the Holy Grail,Terry Gilliam,497622,1975,8.2,91.0,Adventure,Comedy,Fantasy            
Despicable Me,Pierre Coffin,496953,2010,7.6,72.0,Animation,Comedy,Crime            
"I, Robot",Alex Proyas,495931,2004,7.1,59.0,Action,Drama,Sci-Fi            
Spider-Man 3,Sam Raimi,495782,2007,6.2,59.0,Action,Adventure,Sci-Fi            
Blood Diamond,Edward Zwick,495474,2006,8.0,64.0,Adventure,Drama,Thriller            
Rise of the Planet of the Apes,Rupert Wyatt,493830,2011,7.6,68.0,Action,Drama,Sci-Fi            
Juno,Jason Reitman,488960,2007,7.4,81.0,Comedy,Drama            
Get Out,Jordan Peele,485560,2017,7.7,85.0,Horror,Mystery,Thriller            
Troy,Wolfgang Petersen,485465,2004,7.3,56.0,Drama,History            
American Psycho,Mary Harron,484210,2000,7.6,64.0,Comedy,Crime,Drama            
Oblivion,Joseph Kosinski,483063,2013,7.0,54.0,Action,Adventure,Sci-Fi            
Source Code,Duncan Jones,481707,2011,7.5,74.0,Action,Drama,Mystery            
X-Men: The Last Stand,Brett Ratner,479928,2006,6.7,58.0,Action,Adventure,Sci-Fi            
Pirates of the Caribbean: On Stranger Tides,Rob Marshall,477909,2011,6.6,45.0,Action,Adventure,Fantasy            
Back to the Future Part II,Robert Zemeckis,477063,1989,7.8,57.0,Adventure,Comedy,Sci-Fi            
The Great Gatsby,Baz Luhrmann,473695,2013,7.2,55.0,Drama,Romance            
Harry Potter and the Deathly Hallows: Part 1,David Yates,472835,2010,7.7,65.0,Adventure,Family,Fantasy            
Deadpool 2,David Leitch,471980,2018,7.7,66.0,Action,Adventure,Comedy            
The Hobbit: The Battle of the Five Armies,Peter Jackson,470022,2014,7.4,59.0,Adventure,Fantasy            
Rain Man,Barry Levinson,469818,1988,8.0,65.0,Drama            
Ex Machina,Alex Garland,469817,2014,7.7,78.0,Drama,Sci-Fi,Thriller            
500 Days of Summer,Marc Webb,469381,2009,7.7,76.0,Comedy,Drama,Romance            
"Crazy, Stupid, Love.",Glenn Ficarra,468711,2011,7.4,68.0,Comedy,Drama,Romance            
Harry Potter and the Half-Blood Prince,David Yates,468321,2009,7.6,78.0,Action,Adventure,Family            
Home Alone,Chris Columbus,467437,1990,7.6,63.0,Comedy,Family            
X-Men Origins: Wolverine,Gavin Hood,464470,2009,6.6,40.0,Action,Adventure,Sci-Fi            
Pacific Rim,Guillermo del Toro,463359,2013,6.9,65.0,Action,Adventure,Sci-Fi            
Children of Men,Alfonso Cuarón,462372,2006,7.9,84.0,Adventure,Drama,Sci-Fi            
Casino,Martin Scorsese,461509,1995,8.2,73.0,Crime,Drama            
Star Trek Into Darkness,J.J. Abrams,461341,2013,7.7,72.0,Action,Adventure,Sci-Fi            
The Hangover Part II,Todd Phillips,461089,2011,6.5,44.0,Comedy            
Hot Fuzz,Edgar Wright,460214,2007,7.8,81.0,Action,Comedy,Mystery            
Nightcrawler,Dan Gilroy,459503,2014,7.9,76.0,Crime,Drama,Thriller            
Zodiac,David Fincher,458346,2007,7.7,78.0,Crime,Drama,Mystery            
The Perks of Being a Wallflower,Stephen Chbosky,458232,2012,8.0,67.0,Drama,Romance            
It,Andy Muschietti,454831,2017,7.3,69.0,Horror            
Mission: Impossible - Ghost Protocol,Brad Bird,454593,2011,7.4,73.0,Action,Adventure,Thriller            
Blade Runner 2049,Denis Villeneuve,453929,2017,8.0,81.0,Action,Drama,Mystery            
The Butterfly Effect,Eric Bress,448821,2004,7.6,30.0,Drama,Sci-Fi,Thriller            
Dr. Strangelove or: How I Learned to Stop Worrying and Love the Bomb,Stanley Kubrick,447023,1964,8.4,97.0,Comedy            
Mr. & Mrs. Smith,Doug Liman,446996,2005,6.5,55.0,Action,Comedy,Crime            
American Hustle,David O. Russell,445668,2013,7.2,90.0,Crime,Drama            
Indiana Jones and the Temple of Doom,Steven Spielberg,445153,1984,7.6,57.0,Action,Adventure            
The Matrix Revolutions,Lana Wachowski,444670,2003,6.8,47.0,Action,Sci-Fi            
The Pursuit of Happyness,Gabriele Muccino,444356,2006,8.0,64.0,Biography,Drama            
Edward Scissorhands,Tim Burton,444130,1990,7.9,74.0,Drama,Fantasy,Romance            
Bohemian Rhapsody,Bryan Singer,443514,2018,8.0,49.0,Biography,Drama,Music            
Lucy,Luc Besson,442396,2014,6.4,61.0,Action,Sci-Fi,Thriller            
Hancock,Peter Berg,442028,2008,6.4,49.0,Action,Drama,Fantasy            
Rear Window,Alfred Hitchcock,440068,1954,8.4,100.0,Mystery,Thriller            
The Conjuring,James Wan,438713,2013,7.5,68.0,Horror,Mystery,Thriller            
Ice Age,Chris Wedge,438069,2002,7.5,60.0,Animation,Adventure,Comedy            
Dallas Buyers Club,Jean-Marc Vallée,437082,2013,8.0,80.0,Biography,Drama            
Little Miss Sunshine,Jonathan Dayton,436936,2006,7.8,80.0,Comedy,Drama            
American Sniper,Clint Eastwood,435926,2014,7.3,72.0,Action,Biography,Drama            
Captain Marvel,Anna Boden,432900,2019,6.9,64.0,Action,Adventure,Sci-Fi            
Warrior,Gavin O'Connor,432846,2011,8.2,71.0,Action,Drama,Sport            
Baby Driver,Edgar Wright,432839,2017,7.6,86.0,Action,Crime,Music            
The Bourne Supremacy,Paul Greengrass,432038,2004,7.7,73.0,Action,Mystery,Thriller            
The Fifth Element,Luc Besson,430959,1997,7.7,52.0,Action,Adventure,Sci-Fi            
The Incredible Hulk,Louis Leterrier,430723,2008,6.7,61.0,Action,Adventure,Sci-Fi            
Rush,Ron Howard,429247,2013,8.1,74.0,Action,Biography,Drama            
Hacksaw Ridge,Mel Gibson,429111,2016,8.1,71.0,Biography,Drama,History            
Zootopia,Byron Howard,428837,2016,8.0,78.0,Animation,Adventure,Comedy            
Knives Out,Rian Johnson,427800,2019,7.9,82.0,Comedy,Crime,Drama            
The Wolverine,James Mangold,426956,2013,6.7,61.0,Action,Adventure,Sci-Fi            
The Help,Tate Taylor,424781,2011,8.0,62.0,Drama            
Charlie and the Chocolate Factory,Tim Burton,424404,2005,6.6,72.0,Adventure,Comedy,Family            
Twilight,Catherine Hardwicke,424089,2008,5.2,56.0,Drama,Fantasy,Romance            
Love Actually,Richard Curtis,423687,2003,7.6,55.0,Comedy,Drama,Romance            
"Three Billboards Outside Ebbing, Missouri",Martin McDonagh,423328,2017,8.2,88.0,Comedy,Crime,Drama            
Divergent,Neil Burger,423275,2014,6.6,48.0,Action,Adventure,Mystery            
Indiana Jones and the Kingdom of the Crystal Skull,Steven Spielberg,422263,2008,6.1,65.0,Action,Adventure            
Fury,David Ayer,421949,2014,7.6,64.0,Action,Drama,War            
Dead Poets Society,Peter Weir,419885,1989,8.1,79.0,Comedy,Drama            
Horrible Bosses,Seth Gordon,419706,2011,6.9,57.0,Comedy,Crime            
The Hurt Locker,Kathryn Bigelow,418681,2008,7.5,95.0,Drama,Thriller,War            
Sherlock Holmes: A Game of Shadows,Guy Ritchie,418271,2011,7.5,48.0,Action,Adventure,Mystery            
Split,M. Night Shyamalan,418133,2016,7.3,62.0,Horror,Thriller            
Crash,Paul Haggis,417823,2004,7.7,66.0,Crime,Drama,Thriller            
The Girl with the Dragon Tattoo,David Fincher,417821,2011,7.8,71.0,Crime,Drama,Mystery            
Captain Phillips,Paul Greengrass,417426,2013,7.8,82.0,Adventure,Biography,Crime            
Elysium,Neill Blomkamp,417218,2013,6.6,61.0,Action,Drama,Sci-Fi            
Mystic River,Clint Eastwood,416286,2003,7.9,84.0,Crime,Drama,Mystery            
Shrek 2,Andrew Adamson,416112,2004,7.2,75.0,Animation,Adventure,Comedy            
Kung Fu Panda,Mark Osborne,415855,2008,7.5,74.0,Animation,Action,Adventure            
Spotlight,Tom McCarthy,415239,2015,8.1,93.0,Biography,Crime,Drama            
Beauty and the Beast,Gary Trousdale,414785,1991,8.0,95.0,Animation,Family,Fantasy            
The Maze Runner,Wes Ball,414075,2014,6.8,57.0,Action,Mystery,Sci-Fi            
The Amazing Spider-Man 2,Marc Webb,414006,2014,6.6,53.0,Action,Adventure,Sci-Fi            
War of the Worlds,Steven Spielberg,413390,2005,6.5,73.0,Adventure,Sci-Fi,Thriller            
Big Fish,Tim Burton,412915,2003,8.0,58.0,Adventure,Drama,Fantasy            
The Day After Tomorrow,Roland Emmerich,412581,2004,6.4,47.0,Action,Adventure,Sci-Fi            
Lost in Translation,Sofia Coppola,410901,2003,7.7,89.0,Comedy,Drama            
The Hunger Games: Mockingjay - Part 1,Francis Lawrence,410637,2014,6.6,64.0,Action,Adventure,Sci-Fi            
Dawn of the Planet of the Apes,Matt Reeves,409809,2014,7.6,79.0,Action,Adventure,Drama            
Big Hero 6,Don Hall,406973,2014,7.8,74.0,Animation,Action,Adventure            
Fantastic Beasts and Where to Find Them,David Yates,406354,2016,7.3,66.0,Adventure,Family,Fantasy            
Quantum of Solace,Marc Forster,402873,2008,6.6,58.0,Action,Adventure,Thriller            
The Terminal,Steven Spielberg,402608,2004,7.4,55.0,Comedy,Drama,Romance            
A Quiet Place,John Krasinski,402594,2018,7.5,82.0,Drama,Horror,Sci-Fi            
Gangs of New York,Martin Scorsese,402330,2002,7.5,72.0,Crime,Drama            
Tangled,Nathan Greno,402147,2010,7.7,71.0,Animation,Adventure,Comedy            
Back to the Future Part III,Robert Zemeckis,401836,1990,7.4,55.0,Adventure,Comedy,Sci-Fi            
1917,Sam Mendes,401394,2019,8.3,78.0,Drama,War            
We're the Millers,Rawson Marshall Thurber,401152,2013,7.0,44.0,Comedy,Crime            
The Theory of Everything,James Marsh,399666,2014,7.7,72.0,Biography,Drama,Romance            
Citizen Kane,Orson Welles,398373,1941,8.3,100.0,Drama,Mystery            
The Da Vinci Code,Ron Howard,397717,2006,6.6,46.0,Mystery,Thriller            
The Last Samurai,Edward Zwick,397272,2003,7.7,55.0,Action,Drama            
It's a Wonderful Life,Frank Capra,395155,1946,8.6,89.0,Drama,Family,Fantasy            
Armageddon,Michael Bay,393655,1998,6.7,42.0,Action,Adventure,Sci-Fi            
The 40-Year-Old Virgin,Judd Apatow,392963,2005,7.1,73.0,Comedy,Romance            
The Princess Bride,Rob Reiner,390809,1987,8.0,77.0,Adventure,Family,Fantasy            
X-Men: Apocalypse,Bryan Singer,389927,2016,6.9,52.0,Action,Adventure,Sci-Fi            
American Gangster,Ridley Scott,388997,2007,7.8,76.0,Biography,Crime,Drama            
King Kong,Peter Jackson,388168,2005,7.2,81.0,Action,Adventure,Drama            
In Bruges,Martin McDonagh,387987,2008,7.9,67.0,Comedy,Crime,Drama            
The Mummy,Stephen Sommers,387927,1999,7.0,48.0,Action,Adventure,Fantasy            
Live Free or Die Hard,Len Wiseman,387173,2007,7.1,69.0,Action,Thriller            
Training Day,Antoine Fuqua,386733,2001,7.7,69.0,Crime,Drama,Thriller            
Midnight in Paris,Woody Allen,385203,2011,7.7,81.0,Comedy,Fantasy,Romance            
Mission: Impossible,Brian De Palma,385055,1996,7.1,59.0,Action,Adventure,Thriller            
Unbreakable,M. Night Shyamalan,384573,2000,7.3,62.0,Drama,Mystery,Sci-Fi            
Transformers: Dark of the Moon,Michael Bay,382810,2011,6.2,42.0,Action,Adventure,Sci-Fi            
Transformers: Revenge of the Fallen,Michael Bay,382201,2009,6.0,35.0,Action,Adventure,Sci-Fi            
This Is the End,Evan Goldberg,381774,2013,6.6,67.0,Comedy            
Spectre,Sam Mendes,381635,2015,6.8,60.0,Action,Adventure,Thriller            
Alice in Wonderland,Tim Burton,381510,2010,6.4,53.0,Adventure,Family,Fantasy            
Justice League,Zack Snyder,378561,2017,6.3,45.0,Action,Adventure,Fantasy            
Platoon,Oliver Stone,378416,1986,8.1,92.0,Drama,War            
Saw,James Wan,376851,2004,7.6,46.0,Horror,Mystery            
Wreck-It Ralph,Rich Moore,376681,2012,7.7,72.0,Animation,Adventure,Comedy            
The Lost World: Jurassic Park,Steven Spielberg,376528,1997,6.6,59.0,Action,Adventure,Sci-Fi            
Tropic Thunder,Ben Stiller,375443,2008,7.0,71.0,Action,Comedy,War            
Terminator 3: Rise of the Machines,Jonathan Mostow,375386,2003,6.3,66.0,Action,Sci-Fi            
Scott Pilgrim vs. the World,Edgar Wright,375321,2010,7.5,69.0,Action,Comedy,Fantasy            
28 Days Later...,Danny Boyle,374471,2002,7.6,73.0,Drama,Horror,Sci-Fi            
Borat: Cultural Learnings of America for Make Benefit Glorious Nation of Kazakhstan,Larry Charles,374468,2006,7.3,89.0,Comedy            
The Cabin in the Woods,Drew Goddard,374282,2011,7.0,72.0,Horror            
American Pie,Paul Weitz,373982,1999,7.0,58.0,Comedy            
Unforgiven,Clint Eastwood,372788,1992,8.2,85.0,Drama,Western            
Godzilla,Gareth Edwards,372741,2014,6.4,62.0,Action,Adventure,Sci-Fi            
Aladdin,Ron Clements,371231,1992,8.0,86.0,Animation,Adventure,Comedy            
Cloverfield,Matt Reeves,371037,2008,7.0,64.0,Action,Horror,Sci-Fi            
Coco,Lee Unkrich,369532,2017,8.4,81.0,Animation,Adventure,Family            
The Wizard of Oz,Victor Fleming,369502,1939,8.0,92.0,Adventure,Family,Fantasy            
Brave,Mark Andrews,369478,2012,7.1,69.0,Animation,Adventure,Comedy            
Bruce Almighty,Tom Shadyac,369330,2003,6.8,46.0,Comedy,Fantasy            
Predator,John McTiernan,368915,1987,7.8,45.0,Action,Adventure,Sci-Fi            
E.T. the Extra-Terrestrial,Steven Spielberg,368880,1982,7.8,91.0,Family,Sci-Fi            
The Thing,John Carpenter,368090,1982,8.1,57.0,Horror,Mystery,Sci-Fi            
The Devil Wears Prada,David Frankel,368053,2006,6.9,62.0,Comedy,Drama            
In Time,Andrew Niccol,367796,2011,6.7,53.0,Action,Sci-Fi,Thriller            
Sicario,Denis Villeneuve,367308,2015,7.6,82.0,Action,Crime,Drama            
Despicable Me 2,Pierre Coffin,367225,2013,7.3,62.0,Animation,Adventure,Comedy            
Furious 6,Justin Lin,366358,2013,7.1,61.0,Action,Adventure,Thriller            
Amadeus,Milos Forman,366139,1984,8.3,88.0,Biography,Drama,History            
Room,Lenny Abrahamson,365921,2015,8.1,86.0,Drama,Thriller            
The Shape of Water,Guillermo del Toro,365418,2017,7.3,87.0,Adventure,Drama,Fantasy            
Moneyball,Bennett Miller,365143,2011,7.6,87.0,Biography,Drama,Sport            
Cars,John Lasseter,364449,2006,7.1,73.0,Animation,Comedy,Family            
Monty Python's Life of Brian,Terry Jones,364321,1979,8.1,77.0,Comedy            
"The Chronicles of Narnia: The Lion, the Witch and the Wardrobe",Andrew Adamson,363737,2005,6.9,75.0,Adventure,Family,Fantasy            
Madagascar,Eric Darnell,363524,2005,6.9,57.0,Animation,Adventure,Comedy            
Aquaman,James Wan,363329,2018,6.9,55.0,Action,Adventure,Fantasy            
Ready Player One,Steven Spielberg,363195,2018,7.5,64.0,Action,Adventure,Sci-Fi            
Spider-Man: Into the Spider-Verse,Bob Persichetti,362649,2018,8.4,87.0,Animation,Action,Adventure            
Star Wars: The Rise Of Skywalker,J.J. Abrams,362512,2019,6.6,53.0,Action,Adventure,Fantasy            
Black Hawk Down,Ridley Scott,361978,2001,7.7,74.0,Drama,History,War            
Green Book,Peter Farrelly,361962,2018,8.2,69.0,Biography,Comedy,Drama            
Die Hard with a Vengeance,John McTiernan,361113,1995,7.6,58.0,Action,Adventure,Thriller            
John Wick: Chapter 2,Chad Stahelski,360944,2017,7.5,75.0,Action,Crime,Thriller            
Vertigo,Alfred Hitchcock,360727,1958,8.3,100.0,Mystery,Romance,Thriller            
Stand by Me,Rob Reiner,360651,1986,8.1,75.0,Adventure,Drama            
The Exorcist,William Friedkin,360402,1973,8.0,81.0,Horror            
Wanted,Timur Bekmambetov,358268,2008,6.7,64.0,Action,Crime,Thriller            
Collateral,Michael Mann,357369,2004,7.5,71.0,Crime,Drama,Thriller            
The Big Short,Adam McKay,357174,2015,7.8,81.0,Biography,Comedy,Drama            
Furious 7,James Wan,357091,2015,7.1,67.0,Action,Adventure,Thriller            
Easy A,Will Gluck,356512,2010,7.0,72.0,Comedy,Drama,Romance            
Ocean's Twelve,Steven Soderbergh,356490,2004,6.5,58.0,Crime,Thriller            
The Godfather: Part III,Francis Ford Coppola,355933,1990,7.6,60.0,Crime,Drama            
The Machinist,Brad Anderson,355664,2004,7.7,61.0,Drama,Thriller            
The Lives of Others,Florian Henckel von Donnersmarck,355408,2006,8.4,89.0,Drama,Mystery,Thriller            
Venom,Ruben Fleischer,355395,2018,6.7,35.0,Action,Adventure,Sci-Fi            
The Breakfast Club,John Hughes,354504,1985,7.8,66.0,Comedy,Drama            
The Illusionist,Neil Burger,353218,2006,7.6,68.0,Drama,Fantasy,Mystery            
Ghostbusters,Ivan Reitman,352675,1984,7.8,71.0,Action,Comedy,Fantasy            
Dumb and Dumber,Peter Farrelly,350988,1994,7.3,41.0,Comedy            
2012,Roland Emmerich,350970,2009,5.8,49.0,Action,Adventure,Sci-Fi            
Fast Five,Justin Lin,350444,2011,7.3,66.0,Action,Adventure,Crime            
The Town,Ben Affleck,349830,2010,7.5,74.0,Crime,Drama,Thriller            
Knocked Up,Judd Apatow,348985,2007,6.9,85.0,Comedy,Romance            
Face/Off,John Woo,347182,1997,7.2,82.0,Action,Crime,Sci-Fi            
Passengers,Morten Tyldum,346266,2016,7.0,41.0,Drama,Romance,Sci-Fi            
127 Hours,Danny Boyle,345771,2010,7.5,82.0,Biography,Drama            
The Fast and the Furious,Rob Cohen,345156,2001,6.8,58.0,Action,Crime,Thriller            
The Mask,Chuck Russell,343948,1994,6.9,56.0,Action,Comedy,Crime            
22 Jump Street,Phil Lord,343392,2014,7.0,71.0,Action,Comedy,Crime            
Cloud Atlas,Tom Tykwer,343152,2012,7.4,55.0,Action,Drama,Mystery            
Sweeney Todd: The Demon Barber of Fleet Street,Tim Burton,342257,2007,7.3,83.0,Drama,Horror,Musical            
Terminator Salvation,McG,342133,2009,6.5,49.0,Action,Sci-Fi            
The Game,David Fincher,342044,1997,7.8,61.0,Action,Drama,Mystery            
Maleficent,Robert Stromberg,341904,2014,7.0,56.0,Action,Adventure,Family            
The Fault in Our Stars,Josh Boone,341708,2014,7.7,69.0,Drama,Romance            
Men in Black II,Barry Sonnenfeld,341233,2002,6.2,49.0,Action,Adventure,Comedy            
The Italian Job,F. Gary Gray,340628,2003,7.0,68.0,Action,Crime,Thriller            
3 Idiots,Rajkumar Hirani,339938,2009,8.4,67.0,Comedy,Drama            
Mission: Impossible - Rogue Nation,Christopher McQuarrie,339348,2015,7.4,75.0,Action,Adventure,Thriller            
Princess Mononoke,Hayao Miyazaki,338691,1997,8.4,76.0,Animation,Adventure,Fantasy            
The Fighter,David O. Russell,338069,2010,7.8,79.0,Biography,Drama,Sport            
Friends with Benefits,Will Gluck,337989,2011,6.5,63.0,Comedy,Romance            
Super 8,J.J. Abrams,337141,2011,7.0,72.0,Action,Adventure,Sci-Fi            
Batman,Tim Burton,336241,1989,7.5,69.0,Action,Adventure            
Inside Man,Spike Lee,335431,2006,7.6,76.0,Crime,Drama,Mystery            
Signs,M. Night Shyamalan,335058,2002,6.7,59.0,Drama,Mystery,Sci-Fi            
The Others,Alejandro Amenábar,334904,2001,7.6,74.0,Horror,Mystery,Thriller            
Die Hard 2,Renny Harlin,334016,1990,7.2,67.0,Action,Thriller            
Boyhood,Richard Linklater,333747,2014,7.9,100.0,Drama            
Yes Man,Peyton Reed,333408,2008,6.8,46.0,Comedy,Romance            
Men in Black 3,Barry Sonnenfeld,333346,2012,6.8,58.0,Action,Adventure,Comedy            
Moon,Duncan Jones,333260,2009,7.9,67.0,Drama,Mystery,Sci-Fi            
Hotel Rwanda,Terry George,332415,2004,8.1,79.0,Biography,Drama,History            
The Aviator,Martin Scorsese,331509,2004,7.5,77.0,Biography,Drama            
Mean Girls,Mark Waters,331398,2004,7.0,66.0,Comedy            
Wedding Crashers,David Dobkin,330898,2005,6.9,64.0,Comedy,Romance            
The Equalizer,Antoine Fuqua,330465,2014,7.2,57.0,Action,Crime,Thriller            
Sleepy Hollow,Tim Burton,330191,1999,7.3,65.0,Fantasy,Horror,Mystery            
Downfall,Oliver Hirschbiegel,328956,2004,8.2,82.0,Biography,Drama,History            
The Devil's Advocate,Taylor Hackford,328867,1997,7.5,60.0,Drama,Mystery,Thriller            
A Star Is Born,Bradley Cooper,328501,2018,7.6,88.0,Drama,Music,Romance            
Howl's Moving Castle,Hayao Miyazaki,328493,2004,8.2,80.0,Animation,Adventure,Family            
Anchorman: The Legend of Ron Burgundy,Adam McKay,328370,2004,7.2,63.0,Comedy            
Mission: Impossible III,J.J. Abrams,328228,2006,6.9,66.0,Action,Adventure,Thriller            
Man on Fire,Tony Scott,327243,2004,7.7,47.0,Action,Crime,Drama            
Speed,Jan de Bont,326152,1994,7.2,78.0,Action,Adventure,Thriller            
50 First Dates,Peter Segal,324655,2004,6.8,48.0,Comedy,Drama,Romance            
The Expendables,Sylvester Stallone,324177,2010,6.5,45.0,Action,Adventure,Thriller            
Flight,Robert Zemeckis,323535,2012,7.3,76.0,Drama,Thriller            
Due Date,Todd Phillips,322333,2010,6.5,51.0,Comedy,Drama            
The Lego Movie,Christopher Miller,322287,2014,7.7,83.0,Animation,Action,Adventure            
Brokeback Mountain,Ang Lee,320782,2005,7.7,87.0,Drama,Romance            
The Ring,Gore Verbinski,319428,2002,7.1,57.0,Horror,Mystery            
Ocean's Thirteen,Steven Soderbergh,319125,2007,6.9,62.0,Action,Crime,Thriller            
Raging Bull,Martin Scorsese,319052,1980,8.2,89.0,Biography,Drama,Sport            
Monsters University,Dan Scanlon,318976,2013,7.3,65.0,Animation,Adventure,Comedy            
Ferris Bueller's Day Off,John Hughes,318969,1986,7.8,61.0,Comedy            
Mulholland Dr.,David Lynch,318567,2001,7.9,85.0,Drama,Mystery,Thriller            
The Irishman,Martin Scorsese,316973,2019,7.9,94.0,Biography,Crime,Drama            
Up in the Air,Jason Reitman,316957,2009,7.4,83.0,Comedy,Drama,Romance            
Spider-Man: Far from Home,Jon Watts,316309,2019,7.5,69.0,Action,Adventure,Sci-Fi            
Moonrise Kingdom,Wes Anderson,316172,2012,7.8,84.0,Comedy,Drama,Romance            
Jumanji: Welcome to the Jungle,Jake Kasdan,315591,2017,6.9,58.0,Action,Adventure,Comedy            
Snowpiercer,Bong Joon Ho,314776,2013,7.1,84.0,Action,Drama,Sci-Fi            
Pineapple Express,David Gordon Green,314381,2008,6.9,64.0,Action,Comedy,Crime            
50/50,Jonathan Levine,314187,2011,7.6,72.0,Comedy,Drama,Romance            
Jackie Brown,Quentin Tarantino,313667,1997,7.5,64.0,Crime,Drama,Thriller            
Seven Samurai,Akira Kurosawa,313018,1954,8.6,98.0,Action,Adventure,Drama            
Mission: Impossible II,John Woo,312557,2000,6.1,59.0,Action,Adventure,Thriller            
The Rock,Michael Bay,311833,1996,7.4,58.0,Action,Adventure,Thriller            
TRON: Legacy,Joseph Kosinski,311726,2010,6.8,49.0,Action,Adventure,Sci-Fi            
Night at the Museum,Shawn Levy,311651,2006,6.4,48.0,Adventure,Comedy,Family            
Being John Malkovich,Spike Jonze,310445,1999,7.7,90.0,Comedy,Drama,Fantasy            
Equilibrium,Kurt Wimmer,310299,2002,7.4,33.0,Action,Drama,Sci-Fi            
Fantastic Four,Tim Story,310193,2005,5.7,40.0,Action,Adventure,Fantasy            
Pearl Harbor,Michael Bay,309721,2001,6.2,44.0,Action,Drama,History            
True Grit,Ethan Coen,309307,2010,7.6,80.0,Drama,Western            
Meet the Parents,Jay Roach,309283,2000,7.0,73.0,Comedy,Romance            
The Deer Hunter,Michael Cimino,308863,1978,8.1,86.0,Drama,War            
Shooter,Antoine Fuqua,308663,2007,7.2,53.0,Action,Drama,Thriller            
Once Upon a Time in America,Sergio Leone,307990,1984,8.4,n/a,Crime,Drama            
Burn After Reading,Ethan Coen,307790,2008,7.0,63.0,Comedy,Crime,Drama            
The Simpsons Movie,David Silverman,307515,2007,7.3,80.0,Animation,Adventure,Comedy            
Les Misérables,Tom Hooper,306684,2012,7.6,63.0,Drama,History,Musical            
Jack Reacher,Christopher McQuarrie,306176,2012,7.0,50.0,Action,Thriller            
Hellboy,Guillermo del Toro,304950,2004,6.8,72.0,Action,Fantasy,Horror            
Jumanji,Joe Johnston,304946,1995,7.0,39.0,Adventure,Comedy,Family            
The Interview,Evan Goldberg,304788,2014,6.5,52.0,Action,Adventure,Comedy            
Constantine,Francis Lawrence,304483,2005,7.0,50.0,Action,Fantasy,Horror            
Click,Frank Coraci,303867,2006,6.4,45.0,Comedy,Drama,Fantasy            
Ant-Man and the Wasp,Peyton Reed,303805,2018,7.1,70.0,Action,Adventure,Comedy            
Hugo,Martin Scorsese,303001,2011,7.5,83.0,Drama,Family,Fantasy            
How to Train Your Dragon 2,Dean DeBlois,302736,2014,7.8,76.0,Animation,Action,Adventure            
National Treasure,Jon Turteltaub,302316,2004,6.9,39.0,Action,Adventure,Mystery            
Once Upon a Time in the West,Sergio Leone,300205,1968,8.5,80.0,Western            
Total Recall,Paul Verhoeven,300160,1990,7.5,57.0,Action,Sci-Fi,Thriller            
Eyes Wide Shut,Stanley Kubrick,300104,1999,7.4,68.0,Drama,Mystery,Thriller            
Home Alone 2: Lost in New York,Chris Columbus,299569,1992,6.8,n/a,Adventure,Comedy,Crime            
The Island,Michael Bay,299251,2005,6.8,50.0,Action,Sci-Fi,Thriller            
The Mummy Returns,Stephen Sommers,299159,2001,6.4,48.0,Action,Adventure,Fantasy            
Lucky Number Slevin,Paul McGuigan,298537,2006,7.7,53.0,Action,Crime,Drama            
About Time,Richard Curtis,297758,2013,7.8,55.0,Comedy,Drama,Fantasy            
Transformers: Age of Extinction,Michael Bay,296810,2014,5.6,32.0,Action,Adventure,Sci-Fi            
Real Steel,Shawn Levy,296753,2011,7.1,56.0,Action,Drama,Sci-Fi            
North by Northwest,Alfred Hitchcock,296523,1959,8.3,98.0,Adventure,Mystery,Thriller            
The Nightmare Before Christmas,Henry Selick,296346,1993,8.0,82.0,Animation,Family,Fantasy            
Fifty Shades of Grey,Sam Taylor-Johnson,296075,2015,4.1,46.0,Drama,Romance,Thriller            
10 Things I Hate About You,Gil Junger,294752,1999,7.3,70.0,Comedy,Drama,Romance            
Jurassic Park III,Joe Johnston,294166,2001,5.9,42.0,Action,Adventure,Sci-Fi            
Hitch,Andy Tennant,294105,2005,6.6,58.0,Comedy,Romance            
Salt,Phillip Noyce,293833,2010,6.4,65.0,Action,Thriller            
The Proposal,Anne Fletcher,293390,2009,6.7,48.0,Comedy,Drama,Romance            
Interview with the Vampire: The Vampire Chronicles,Neil Jordan,293184,1994,7.5,59.0,Drama,Horror            
Lord of War,Andrew Niccol,292591,2005,7.6,62.0,Action,Crime,Drama            
Top Gun,Tony Scott,292512,1986,6.9,50.0,Action,Drama            
To Kill a Mockingbird,Robert Mulligan,292039,1962,8.2,88.0,Crime,Drama            
The Secret Life of Walter Mitty,Ben Stiller,291592,2013,7.3,54.0,Comedy,Drama,Fantasy            
Chinatown,Roman Polanski,291576,1974,8.1,92.0,Drama,Mystery,Thriller            
The Book of Eli,Albert Hughes,291475,2010,6.9,53.0,Action,Adventure,Drama            
Deja Vu,Tony Scott,291472,2006,7.1,59.0,Action,Crime,Sci-Fi            
The Hangover Part III,Todd Phillips,291403,2013,5.8,30.0,Comedy,Crime            
The Expendables 2,Simon West,290758,2012,6.6,51.0,Action,Adventure,Thriller            
The Blind Side,John Lee Hancock,290349,2009,7.6,53.0,Biography,Drama,Sport            
Apocalypto,Mel Gibson,289314,2006,7.8,68.0,Action,Adventure,Drama            
There's Something About Mary,Bobby Farrelly,289201,1998,7.1,69.0,Comedy,Romance            
A.I. Artificial Intelligence,Steven Spielberg,288834,2001,7.2,65.0,Drama,Sci-Fi            
The Wrestler,Darren Aronofsky,288276,2008,7.9,80.0,Drama,Sport            
Taken 2,Olivier Megaton,288064,2012,6.3,45.0,Action,Thriller            
10 Cloverfield Lane,Dan Trachtenberg,287969,2016,7.2,76.0,Action,Drama,Horror            
Babel,Alejandro G. Iñárritu,287896,2006,7.4,69.0,Drama            
Magnolia,Paul Thomas Anderson,287804,1999,8.0,77.0,Drama            
Mission: Impossible - Fallout,Christopher McQuarrie,287708,2018,7.7,86.0,Action,Adventure,Thriller            
Gone with the Wind,Victor Fleming,287697,1939,8.1,97.0,Drama,History,Romance            
RED,Robert Schwentke,287630,2010,7.0,60.0,Action,Comedy,Crime            
3:10 to Yuma,James Mangold,287048,2007,7.7,76.0,Action,Crime,Drama            
My Neighbor Totoro,Hayao Miyazaki,286452,1988,8.2,86.0,Animation,Family,Fantasy            
Pretty Woman,Garry Marshall,286416,1990,7.0,51.0,Comedy,Romance            
Solo: A Star Wars Story,Ron Howard,285994,2018,6.9,62.0,Action,Adventure,Sci-Fi            
Scream,Wes Craven,285887,1996,7.2,65.0,Horror,Mystery            
Jumper,Doug Liman,285293,2008,6.1,35.0,Action,Adventure,Sci-Fi            
Seven Pounds,Gabriele Muccino,285160,2008,7.6,36.0,Drama            
Bridge of Spies,Steven Spielberg,285090,2015,7.6,81.0,Drama,History,Thriller            
Neighbors,Nicholas Stoller,284928,2014,6.3,68.0,Comedy            
From Dusk Till Dawn,Robert Rodriguez,284835,1996,7.2,48.0,Action,Crime,Horror            
The Hunger Games: Mockingjay - Part 2,Francis Lawrence,283556,2015,6.6,65.0,Action,Adventure,Sci-Fi            
Jojo Rabbit,Taika Waititi,283520,2019,7.9,58.0,Comedy,Drama,War            
The Bourne Legacy,Tony Gilroy,283477,2012,6.6,61.0,Action,Adventure,Thriller            
The Transporter,Louis Leterrier,283416,2002,6.8,51.0,Action,Crime,Thriller            
"O Brother, Where Art Thou?",Joel Coen,283084,2000,7.7,69.0,Adventure,Comedy,Crime            
Serenity,Joss Whedon,282099,2005,7.8,74.0,Action,Adventure,Sci-Fi            
Public Enemies,Michael Mann,280716,2009,7.0,70.0,Biography,Crime,Drama            
The Mist,Frank Darabont,279562,2007,7.1,58.0,Horror,Sci-Fi,Thriller            
300: Rise of an Empire,Noam Murro,279422,2014,6.2,48.0,Action,Drama            
Liar Liar,Tom Shadyac,279192,1997,6.9,70.0,Comedy,Fantasy            
Contagion,Steven Soderbergh,279101,2011,6.7,70.0,Drama,Thriller            
Gattaca,Andrew Niccol,279055,1997,7.8,64.0,Drama,Sci-Fi,Thriller            
Ford v Ferrari,James Mangold,278915,2019,8.1,81.0,Action,Biography,Drama            
The Untouchables,Brian De Palma,278913,1987,7.9,79.0,Crime,Drama,Thriller            
Shrek the Third,Chris Miller,278278,2007,6.1,58.0,Animation,Adventure,Comedy            
Annihilation,Alex Garland,277668,2018,6.8,79.0,Adventure,Drama,Horror            
Insidious,James Wan,276863,2010,6.8,52.0,Horror,Mystery,Thriller            
Donnie Brasco,Mike Newell,276527,1997,7.7,76.0,Biography,Crime,Drama            
The Hunt,Thomas Vinterberg,276472,2012,8.3,77.0,Drama            
The Nice Guys,Shane Black,276336,2016,7.4,70.0,Action,Comedy,Crime            
The Dictator,Larry Charles,276171,2012,6.4,58.0,Comedy            
Alien 3,David Fincher,275906,1992,6.5,59.0,Action,Horror,Sci-Fi            
Ace Ventura: Pet Detective,Tom Shadyac,275514,1994,6.9,37.0,Comedy            
Bird Box,Susanne Bier,275051,2018,6.6,51.0,Horror,Sci-Fi            
Pitch Perfect,Jason Moore,275017,2012,7.1,66.0,Comedy,Music,Romance            
Con Air,Simon West,274494,1997,6.9,52.0,Action,Crime,Thriller            
As Good as It Gets,James L. Brooks,273402,1997,7.7,67.0,Comedy,Drama,Romance            
Insomnia,Christopher Nolan,273197,2002,7.2,78.0,Drama,Mystery,Thriller            
Batman Returns,Tim Burton,272501,1992,7.0,68.0,Action,Crime,Fantasy            
Snow White and the Huntsman,Rupert Sanders,271951,2012,6.1,57.0,Action,Adventure,Drama            
The Man from U.N.C.L.E.,Guy Ritchie,271309,2015,7.3,56.0,Action,Adventure,Comedy            
Angels & Demons,Ron Howard,271261,2009,6.7,48.0,Action,Mystery,Thriller            
Notting Hill,Roger Michell,271255,1999,7.1,68.0,Comedy,Drama,Romance            
Prince of Persia: The Sands of Time,Mike Newell,270343,2010,6.6,50.0,Action,Adventure,Fantasy            
Beauty and the Beast,Bill Condon,270189,2017,7.1,65.0,Family,Fantasy,Musical            
Superman Returns,Bryan Singer,269951,2006,6.0,72.0,Action,Sci-Fi            
Moonlight,Barry Jenkins,269889,2016,7.4,99.0,Drama            
Zero Dark Thirty,Kathryn Bigelow,269866,2012,7.4,95.0,Drama,History,Thriller            
Law Abiding Citizen,F. Gary Gray,269735,2009,7.4,34.0,Action,Crime,Drama            
Kingsman: The Golden Circle,Matthew Vaughn,269552,2017,6.7,44.0,Action,Adventure,Comedy            
Clash of the Titans,Louis Leterrier,269196,2010,5.8,39.0,Action,Adventure,Fantasy            
John Wick: Chapter 3 - Parabellum,Chad Stahelski,269103,2019,7.4,73.0,Action,Crime,Thriller            
Before Sunrise,Richard Linklater,268789,1995,8.1,77.0,Drama,Romance            
Moana,Ron Clements,267988,2016,7.6,81.0,Animation,Adventure,Comedy            
Starship Troopers,Paul Verhoeven,267657,1997,7.2,51.0,Action,Adventure,Sci-Fi            
Death Proof,Quentin Tarantino,266870,2007,7.0,n/a,Action,Adventure,Thriller            
School of Rock,Richard Linklater,266386,2003,7.1,82.0,Comedy,Music            
Apollo 13,Ron Howard,266380,1995,7.6,77.0,Adventure,Drama,History            
Step Brothers,Adam McKay,266302,2008,6.9,51.0,Comedy            
Bridesmaids,Paul Feig,266291,2011,6.8,75.0,Comedy,Romance            
Kong: Skull Island,Jordan Vogt-Roberts,265787,2017,6.6,62.0,Action,Adventure,Fantasy            
Lawrence of Arabia,David Lean,265693,1962,8.3,100.0,Adventure,Biography,Drama            
The Fugitive,Andrew Davis,265534,1993,7.8,87.0,Action,Crime,Drama            
Green Lantern,Martin Campbell,265458,2011,5.5,39.0,Action,Adventure,Sci-Fi            
Kingdom of Heaven,Ridley Scott,265427,2005,7.2,63.0,Action,Adventure,Drama            
Moulin Rouge!,Baz Luhrmann,265308,2001,7.6,66.0,Drama,Musical,Romance            
The Royal Tenenbaums,Wes Anderson,264724,2001,7.6,76.0,Comedy,Drama            
A Bug's Life,John Lasseter,264546,1998,7.2,77.0,Animation,Adventure,Comedy            
Lone Survivor,Peter Berg,264507,2013,7.5,60.0,Action,Biography,Drama            
The Twilight Saga: New Moon,Chris Weitz,264247,2009,4.7,44.0,Drama,Fantasy,Romance            
Jurassic World: Fallen Kingdom,J.A. Bayona,262988,2018,6.2,51.0,Action,Adventure,Sci-Fi            
Forgetting Sarah Marshall,Nicholas Stoller,262496,2008,7.1,67.0,Comedy,Drama,Romance            
Beetlejuice,Tim Burton,261946,1988,7.5,70.0,Comedy,Fantasy            
Fast & Furious,Justin Lin,260887,2009,6.6,46.0,Action,Thriller            
Scent of a Woman,Martin Brest,260254,1992,8.0,59.0,Drama            
Pirates of the Caribbean: Dead Men Tell No Tales,Joachim Rønning,260219,2017,6.5,39.0,Action,Adventure,Fantasy            
Gone in 60 Seconds,Dominic Sena,259178,2000,6.5,35.0,Action,Crime,Thriller            
Fear and Loathing in Las Vegas,Terry Gilliam,258217,1998,7.6,41.0,Adventure,Comedy,Drama            
The World's End,Edgar Wright,258146,2013,7.0,81.0,Comedy,Sci-Fi            
Terminator Genisys,Alan Taylor,257980,2015,6.3,38.0,Action,Adventure,Sci-Fi            
The Accountant,Gavin O'Connor,257785,2016,7.3,51.0,Action,Crime,Drama            
28 Weeks Later,Juan Carlos Fresnadillo,257438,2007,7.0,78.0,Action,Horror,Sci-Fi            
The Jungle Book,Jon Favreau,257428,2016,7.4,77.0,Adventure,Drama,Family            
Panic Room,David Fincher,256876,2002,6.8,65.0,Crime,Drama,Thriller            
Olympus Has Fallen,Antoine Fuqua,255431,2013,6.5,41.0,Action,Thriller            
Pride & Prejudice,Joe Wright,254763,2005,7.8,82.0,Drama,Romance            
Ice Age: The Meltdown,Carlos Saldanha,254628,2006,6.8,58.0,Animation,Adventure,Comedy            
Hellboy II: The Golden Army,Guillermo del Toro,254455,2008,7.0,78.0,Action,Adventure,Fantasy            
1408,Mikael Håfström,254295,2007,6.8,64.0,Fantasy,Horror,Mystery            
Mulan,Tony Bancroft,253861,1998,7.6,71.0,Animation,Adventure,Family            
John Carter,Andrew Stanton,253684,2012,6.6,51.0,Action,Adventure,Sci-Fi            
Kick-Ass 2,Jeff Wadlow,253469,2013,6.5,41.0,Action,Comedy,Crime            
Stardust,Matthew Vaughn,253157,2007,7.6,66.0,Adventure,Family,Fantasy            
The Patriot,Roland Emmerich,253119,2000,7.2,63.0,Action,Drama,History            
Hannibal,Ridley Scott,253044,2001,6.8,57.0,Crime,Drama,Thriller            
Contact,Robert Zemeckis,252577,1997,7.4,62.0,Drama,Mystery,Sci-Fi            
The Graduate,Mike Nichols,252204,1967,8.0,83.0,Comedy,Drama,Romance            
Alien: Covenant,Ridley Scott,252175,2017,6.4,65.0,Horror,Sci-Fi,Thriller            
Robin Hood,Ridley Scott,251847,2010,6.6,53.0,Action,Adventure,Drama            
Underworld,Len Wiseman,251760,2003,7.0,42.0,Action,Fantasy,Thriller            
"Crouching Tiger, Hidden Dragon",Ang Lee,251634,2000,7.8,94.0,Action,Adventure,Fantasy            
Kung Fu Panda 2,Jennifer Yuh Nelson,251395,2011,7.2,67.0,Animation,Action,Adventure            
Meet the Fockers,Jay Roach,251363,2004,6.3,41.0,Comedy,Romance            
Almost Famous,Cameron Crowe,250890,2000,7.9,90.0,Adventure,Comedy,Drama            
Red Dragon,Brett Ratner,250826,2002,7.2,60.0,Crime,Drama,Thriller            
Annie Hall,Woody Allen,250576,1977,8.0,92.0,Comedy,Romance            
Hulk,Ang Lee,250546,2003,5.6,54.0,Action,Sci-Fi            
Hachi: A Dog's Tale,Lasse Hallström,250537,2009,8.1,n/a,Biography,Drama,Family            
Predestination,Michael Spierig,250178,2014,7.5,69.0,Action,Drama,Sci-Fi            
Phone Booth,Joel Schumacher,249776,2002,7.0,56.0,Crime,Thriller            
Fantastic Four: Rise of the Silver Surfer,Tim Story,249642,2007,5.6,45.0,Action,Adventure,Fantasy            
2 Fast 2 Furious,John Singleton,249390,2003,5.9,38.0,Action,Crime,Thriller            
Dredd,Pete Travis,249250,2012,7.1,60.0,Action,Crime,Sci-Fi            
Shazam!,David F. Sandberg,249139,2019,7.1,71.0,Action,Adventure,Comedy            
Atonement,Joe Wright,248882,2007,7.8,85.0,Drama,Mystery,Romance            
Non-Stop,Jaume Collet-Serra,248810,2014,6.9,56.0,Action,Mystery,Thriller            
Gone Baby Gone,Ben Affleck,248480,2007,7.6,72.0,Crime,Drama,Mystery            
8 Mile,Curtis Hanson,247962,2002,7.1,77.0,Drama,Music            
Vanilla Sky,Cameron Crowe,247488,2001,6.9,45.0,Fantasy,Mystery,Romance            
Unknown,Jaume Collet-Serra,246708,2011,6.8,56.0,Action,Thriller            
Now You See Me 2,Jon M. Chu,246212,2016,6.5,46.0,Action,Adventure,Comedy            
Resident Evil,Paul W.S. Anderson,246162,2002,6.7,33.0,Action,Horror,Sci-Fi            
Dark Shadows,Tim Burton,246102,2012,6.2,55.0,Comedy,Fantasy,Horror            
Incredibles 2,Brad Bird,245568,2018,7.6,80.0,Animation,Action,Adventure            
Creed,Ryan Coogler,245395,2015,7.6,82.0,Drama,Sport            
Zoolander,Ben Stiller,244942,2001,6.5,61.0,Comedy            
Road to Perdition,Sam Mendes,244941,2002,7.7,72.0,Crime,Drama,Thriller            
The A-Team,Joe Carnahan,244785,2010,6.7,47.0,Action,Adventure,Thriller            
The Place Beyond the Pines,Derek Cianfrance,244505,2012,7.3,68.0,Crime,Drama,Thriller            
Manchester by the Sea,Kenneth Lonergan,243790,2016,7.8,96.0,Drama            
The Holiday,Nancy Meyers,243641,2006,6.9,52.0,Comedy,Romance            
Mrs. Doubtfire,Chris Columbus,243600,1993,7.0,53.0,Comedy,Drama,Family            
Corpse Bride,Tim Burton,243330,2005,7.3,83.0,Animation,Drama,Family            
Blade,Stephen Norrington,243290,1998,7.1,45.0,Action,Horror,Sci-Fi            
Lincoln,Steven Spielberg,243095,2012,7.3,86.0,Biography,Drama,History            
Van Helsing,Stephen Sommers,243055,2004,6.1,35.0,Action,Adventure,Fantasy            
The Adjustment Bureau,George Nolfi,242847,2011,7.0,60.0,Romance,Sci-Fi,Thriller            
The Goonies,Richard Donner,242231,1985,7.8,62.0,Adventure,Comedy,Family            
Noah,Darren Aronofsky,242059,2014,5.7,68.0,Action,Adventure,Drama            
Enemy at the Gates,Jean-Jacques Annaud,241796,2001,7.6,53.0,Drama,History,War            
Some Like It Hot,Billy Wilder,241608,1959,8.2,98.0,Comedy,Music,Romance            
The Village,M. Night Shyamalan,241607,2004,6.5,44.0,Drama,Mystery,Thriller            
Jerry Maguire,Cameron Crowe,241303,1996,7.3,77.0,Comedy,Drama,Romance            
The Other Guys,Adam McKay,241199,2010,6.6,64.0,Action,Comedy,Crime            
Vicky Cristina Barcelona,Woody Allen,241177,2008,7.1,70.0,Comedy,Drama,Romance            
Warcraft,Duncan Jones,240320,2016,6.8,32.0,Action,Adventure,Fantasy            
Office Space,Mike Judge,240082,1999,7.7,68.0,Comedy            
The Fast and the Furious: Tokyo Drift,Justin Lin,239934,2006,6.0,45.0,Action,Crime,Thriller            
Seven Psychopaths,Martin McDonagh,239659,2012,7.2,66.0,Comedy,Crime            
The Sting,George Roy Hill,239607,1973,8.3,83.0,Comedy,Crime,Drama            
Marriage Story,Noah Baumbach,239569,2019,8.0,94.0,Comedy,Drama,Romance            
The Grey,Joe Carnahan,239420,2011,6.8,64.0,Action,Adventure,Drama            
Total Recall,Len Wiseman,239238,2012,6.3,43.0,Action,Adventure,Sci-Fi            
Blow,Ted Demme,239196,2001,7.6,52.0,Biography,Crime,Drama            
Chronicle,Josh Trank,238847,2012,7.0,69.0,Drama,Sci-Fi,Thriller            
American Pie 2,J.B. Rogers,238733,2001,6.4,43.0,Comedy            
Bad Boys,Michael Bay,238390,1995,6.9,41.0,Action,Comedy,Crime            
Dances with Wolves,Kevin Costner,238173,1990,8.0,72.0,Adventure,Drama,Western            
Grease,Randal Kleiser,238004,1978,7.2,70.0,Musical,Romance            
Changeling,Clint Eastwood,237692,2008,7.7,63.0,Biography,Crime,Drama            
Finding Dory,Andrew Stanton,237671,2016,7.3,77.0,Animation,Adventure,Comedy            
GoldenEye,Martin Campbell,237424,1995,7.2,65.0,Action,Adventure,Thriller            
Boogie Nights,Paul Thomas Anderson,237353,1997,7.9,85.0,Drama            
Rush Hour,Brett Ratner,237333,1998,7.0,60.0,Action,Comedy,Crime            
Lady Bird,Greta Gerwig,236913,2017,7.4,94.0,Comedy,Drama            
True Lies,James Cameron,235987,1994,7.2,63.0,Action,Adventure,Comedy            
The Little Mermaid,Ron Clements,235584,1989,7.6,88.0,Animation,Family,Fantasy            
Hereditary,Ari Aster,235394,2018,7.3,87.0,Drama,Horror,Mystery            
Battleship,Peter Berg,235308,2012,5.8,41.0,Action,Adventure,Sci-Fi            
Lethal Weapon,Richard Donner,234997,1987,7.6,68.0,Action,Crime,Thriller            
Nocturnal Animals,Tom Ford,234817,2016,7.5,67.0,Drama,Thriller            
Sully,Clint Eastwood,234601,2016,7.4,74.0,Biography,Drama            
Rango,Gore Verbinski,234527,2011,7.2,75.0,Animation,Adventure,Comedy            
RocknRolla,Guy Ritchie,234505,2008,7.3,53.0,Action,Crime,Thriller            
Dog Day Afternoon,Sidney Lumet,233946,1975,8.0,86.0,Biography,Crime,Drama            
Paul,Greg Mottola,233822,2011,7.0,57.0,Adventure,Comedy,Sci-Fi            
Batman Forever,Joel Schumacher,233742,1995,5.4,51.0,Action,Adventure            
The Greatest Showman,Michael Gracey,233549,2017,7.6,48.0,Biography,Drama,Musical            
Before Sunset,Richard Linklater,233534,2004,8.1,90.0,Drama,Romance            
Perfume: The Story of a Murderer,Tom Tykwer,233476,2006,7.5,56.0,Crime,Drama            
A Few Good Men,Rob Reiner,233272,1992,7.7,62.0,Drama,Thriller            
Crank,Mark Neveldine,233171,2006,6.9,57.0,Action,Crime,Thriller            
Dawn of the Dead,Zack Snyder,232997,2004,7.3,59.0,Action,Horror            
Hook,Steven Spielberg,232866,1991,6.8,52.0,Adventure,Comedy,Family            
Batman & Robin,Joel Schumacher,232837,1997,3.8,28.0,Action,Sci-Fi            
Walk the Line,James Mangold,232508,2005,7.8,72.0,Biography,Drama,Music            
Sunshine,Danny Boyle,231958,2007,7.2,64.0,Sci-Fi,Thriller            
The Descendants,Alexander Payne,231734,2011,7.3,84.0,Comedy,Drama            
Grave of the Fireflies,Isao Takahata,231709,1988,8.5,94.0,Animation,Drama,War            
Saw II,Darren Lynn Bousman,231649,2005,6.6,40.0,Horror,Mystery            
Halloween,John Carpenter,231600,1978,7.8,87.0,Horror,Thriller            
RoboCop,Paul Verhoeven,231370,1987,7.5,67.0,Action,Crime,Sci-Fi            
The Blair Witch Project,Daniel Myrick,231279,1999,6.5,81.0,Horror,Mystery            
Scary Movie,Keenen Ivory Wayans,230988,2000,6.2,48.0,Comedy            
For a Few Dollars More,Sergio Leone,230539,1965,8.3,74.0,Western            
Bad Boys II,Michael Bay,230127,2003,6.6,38.0,Action,Comedy,Crime            
The Twilight Saga: Breaking Dawn - Part 2,Bill Condon,230037,2012,5.5,52.0,Adventure,Drama,Fantasy            
Das Boot,Wolfgang Petersen,229963,1981,8.3,86.0,Adventure,Drama,Thriller            
The Artist,Michel Hazanavicius,229413,2011,7.9,89.0,Comedy,Drama,Romance            
The Reader,Stephen Daldry,229283,2008,7.6,58.0,Drama,Romance            
The Bucket List,Rob Reiner,229267,2007,7.4,42.0,Adventure,Comedy,Drama            
Sucker Punch,Zack Snyder,229047,2011,6.0,33.0,Action,Adventure,Fantasy            
Chappie,Neill Blomkamp,228442,2015,6.8,41.0,Action,Crime,Drama            
Spy,Paul Feig,228366,2015,7.0,75.0,Action,Comedy            
Final Destination,James Wong,228246,2000,6.7,36.0,Horror,Thriller            
21,Robert Luketic,228054,2008,6.8,48.0,Crime,Drama,History            
Dodgeball,Rawson Marshall Thurber,227920,2004,6.7,55.0,Comedy,Sport            
Cinema Paradiso,Giuseppe Tornatore,227909,1988,8.5,80.0,Drama            
Don Jon,Joseph Gordon-Levitt,227705,2013,6.5,66.0,Comedy,Drama,Romance            
Alien: Resurrection,Jean-Pierre Jeunet,227546,1997,6.2,63.0,Action,Horror,Sci-Fi            
Valkyrie,Bryan Singer,227210,2008,7.1,56.0,Drama,History,Thriller            
The Fountain,Darren Aronofsky,227108,2006,7.2,51.0,Drama,Mystery,Romance            
Grown Ups,Dennis Dugan,226868,2010,5.9,30.0,Comedy            
End of Watch,David Ayer,226719,2012,7.6,68.0,Action,Crime,Drama            
Lawless,John Hillcoat,226707,2012,7.3,58.0,Crime,Drama            
The Twilight Saga: Eclipse,David Slade,226601,2010,5.0,58.0,Drama,Fantasy,Romance            
I Am Number Four,D.J. Caruso,226595,2011,6.1,36.0,Action,Adventure,Sci-Fi            
Megamind,Tom McGrath,226487,2010,7.2,63.0,Animation,Action,Comedy            
Eastern Promises,David Cronenberg,226362,2007,7.6,82.0,Action,Crime,Drama            
The Boondock Saints,Troy Duffy,226270,1999,7.8,44.0,Action,Crime,Thriller            
Star Trek Beyond,Justin Lin,226118,2016,7.1,68.0,Action,Adventure,Sci-Fi            
Escape Plan,Mikael Håfström,225948,2013,6.7,49.0,Action,Thriller            
War for the Planet of the Apes,Matt Reeves,225786,2017,7.4,82.0,Action,Adventure,Drama            
Enemy of the State,Tony Scott,225742,1998,7.3,67.0,Action,Thriller            
Identity,James Mangold,225732,2003,7.3,64.0,Mystery,Thriller            
First Blood,Ted Kotcheff,224597,1982,7.7,61.0,Action,Adventure            
Alita: Battle Angel,Robert Rodriguez,224505,2019,7.3,53.0,Action,Adventure,Sci-Fi            
Pitch Black,David Twohy,224497,2000,7.1,49.0,Action,Horror,Sci-Fi            
21 Grams,Alejandro G. Iñárritu,223323,2003,7.6,70.0,Crime,Drama,Thriller            
The Conjuring 2,James Wan,223226,2016,7.3,65.0,Horror,Mystery,Thriller            
Aladdin,Guy Ritchie,223212,2019,7.0,53.0,Adventure,Family,Fantasy            
Bridget Jones's Diary,Sharon Maguire,222907,2001,6.7,66.0,Comedy,Drama,Romance            
The Great Escape,John Sturges,222846,1963,8.2,86.0,Adventure,Drama,History            
The Tourist,Florian Henckel von Donnersmarck,222754,2010,6.0,37.0,Action,Romance,Thriller            
A History of Violence,David Cronenberg,222700,2005,7.4,81.0,Drama,Thriller            
Hotel Transylvania,Genndy Tartakovsky,222615,2012,7.1,47.0,Animation,Comedy,Family            
The Twilight Saga: Breaking Dawn - Part 1,Bill Condon,222590,2011,4.9,45.0,Adventure,Drama,Fantasy            
Philadelphia,Jonathan Demme,222413,1993,7.7,66.0,Drama            
Ghost Rider,Mark Steven Johnson,222265,2007,5.2,35.0,Action,Fantasy,Thriller            
Ender's Game,Gavin Hood,222226,2013,6.6,51.0,Action,Adventure,Fantasy            
The Road,John Hillcoat,222167,2009,7.2,64.0,Drama            
Ice Age: Dawn of the Dinosaurs,Carlos Saldanha,222051,2009,6.9,50.0,Animation,Adventure,Comedy            
Amores Perros,Alejandro G. Iñárritu,222042,2000,8.1,83.0,Drama,Thriller            
The Beach,Danny Boyle,221576,2000,6.7,43.0,Adventure,Drama,Romance            
Us,Jordan Peele,221389,2019,6.9,81.0,Horror,Mystery,Thriller            
"Me, Myself & Irene",Bobby Farrelly,221073,2000,6.6,49.0,Comedy            
The Lone Ranger,Gore Verbinski,220162,2013,6.4,37.0,Action,Adventure,Western            
Sinister,Scott Derrickson,220148,2012,6.8,53.0,Horror,Mystery,Thriller            
Austin Powers: International Man of Mystery,Jay Roach,219938,1997,7.0,51.0,Adventure,Comedy            
Just Go with It,Dennis Dugan,219902,2011,6.4,33.0,Comedy,Romance            
Paranormal Activity,Oren Peli,219774,2007,6.3,68.0,Horror,Mystery            
Maze Runner: The Scorch Trials,Wes Ball,219683,2015,6.3,43.0,Action,Adventure,Horror            
Disturbia,D.J. Caruso,219656,2007,6.8,62.0,Crime,Drama,Mystery            
Knowing,Alex Proyas,219506,2009,6.2,41.0,Action,Drama,Sci-Fi            
Elf,Jon Favreau,219429,2003,7.0,64.0,Adventure,Comedy,Family            
Role Models,David Wain,219243,2008,6.8,61.0,Comedy            
Fantastic Beasts: The Crimes of Grindelwald,David Yates,218641,2018,6.6,52.0,Adventure,Family,Fantasy            
Don't Breathe,Fede Alvarez,218589,2016,7.1,71.0,Crime,Horror,Thriller            
Warm Bodies,Jonathan Levine,218371,2013,6.8,60.0,Comedy,Horror,Romance            
The Elephant Man,David Lynch,218077,1980,8.1,78.0,Biography,Drama            
BlacKkKlansman,Spike Lee,218061,2018,7.5,83.0,Biography,Comedy,Crime            
Stranger Than Fiction,Marc Forster,217939,2006,7.5,67.0,Comedy,Drama,Fantasy            
A Separation,Asghar Farhadi,217797,2011,8.3,95.0,Drama            
The Intern,Nancy Meyers,217724,2015,7.1,51.0,Comedy,Drama            
Ben-Hur,William Wyler,217656,1959,8.1,90.0,Adventure,Drama,History            
National Treasure: Book of Secrets,Jon Turteltaub,217397,2007,6.5,48.0,Action,Adventure,Mystery            
Rambo,Sylvester Stallone,217075,2008,7.0,46.0,Action,Thriller            
Gandhi,Richard Attenborough,216760,1982,8.0,79.0,Biography,Drama,History            
Singin' in the Rain,Stanley Donen,216647,1952,8.3,99.0,Comedy,Musical,Romance            
Focus,Glenn Ficarra,216182,2015,6.6,56.0,Comedy,Crime,Drama            
The Divergent Series: Insurgent,Robert Schwentke,216152,2015,6.2,42.0,Action,Adventure,Sci-Fi            
Southpaw,Antoine Fuqua,215989,2015,7.4,57.0,Action,Drama,Sport            
The Lobster,Yorgos Lanthimos,215979,2015,7.2,82.0,Comedy,Drama,Romance            
Transcendence,Wally Pfister,215808,2014,6.3,42.0,Action,Drama,Sci-Fi            
Modern Times,Charles Chaplin,215524,1936,8.5,96.0,Comedy,Drama,Family            
Austin Powers: The Spy Who Shagged Me,Jay Roach,215498,1999,6.6,59.0,Action,Adventure,Comedy            
The Adventures of Tintin,Steven Spielberg,215325,2011,7.3,68.0,Animation,Action,Adventure            
RoboCop,José Padilha,215240,2014,6.1,52.0,Action,Crime,Sci-Fi            
Natural Born Killers,Oliver Stone,215215,1994,7.3,74.0,Action,Crime,Drama            
The Gentlemen,Guy Ritchie,215077,2019,7.8,51.0,Action,Comedy,Crime            
Mr. Nobody,Jaco Van Dormael,214757,2009,7.8,63.0,Drama,Fantasy,Romance            
The Ides of March,George Clooney,214644,2011,7.1,67.0,Drama,Thriller            
Chicago,Rob Marshall,214605,2002,7.1,81.0,Comedy,Crime,Musical            
Old School,Todd Phillips,214199,2003,7.1,54.0,Comedy            
The Passion of the Christ,Mel Gibson,213981,2004,7.2,47.0,Drama            
Mamma Mia!,Phyllida Lloyd,213889,2008,6.4,51.0,Comedy,Musical,Romance            
The Chronicles of Riddick,David Twohy,213668,2004,6.7,38.0,Action,Adventure,Sci-Fi            
Meet Joe Black,Martin Brest,213654,1998,7.2,43.0,Drama,Fantasy,Romance            
Kiss Kiss Bang Bang,Shane Black,213578,2005,7.5,72.0,Comedy,Crime,Mystery            
Silent Hill,Christophe Gans,213087,2006,6.5,31.0,Action,Adventure,Fantasy            
What's Eating Gilbert Grape,Lasse Hallström,212997,1993,7.8,73.0,Drama            
The Lincoln Lawyer,Brad Furman,212945,2011,7.3,63.0,Crime,Drama,Mystery            
Airplane!,Jim Abrahams,212920,1980,7.7,78.0,Comedy            
Shakespeare in Love,John Madden,212812,1998,7.1,87.0,Comedy,Drama,History            
Uncut Gems,Benny Safdie,212593,2019,7.4,91.0,Crime,Drama,Thriller            
No Strings Attached,Ivan Reitman,212330,2011,6.2,50.0,Comedy,Romance            
Body of Lies,Ridley Scott,212260,2008,7.1,57.0,Action,Drama,Thriller            
Thank You for Smoking,Jason Reitman,212236,2005,7.6,71.0,Comedy,Drama            
Lion,Garth Davis,211206,2016,8.0,69.0,Biography,Drama            
Munich,Steven Spielberg,211033,2005,7.5,74.0,Action,Drama,History            
San Andreas,Brad Peyton,210830,2015,6.1,43.0,Action,Adventure,Thriller            
Clerks,Kevin Smith,210736,1994,7.7,70.0,Comedy            
Cube,Vincenzo Natali,210723,1997,7.2,61.0,Drama,Mystery,Sci-Fi            
Predators,Nimród Antal,210638,2010,6.4,51.0,Action,Adventure,Sci-Fi            
Minions,Kyle Balda,210529,2015,6.4,56.0,Animation,Adventure,Comedy            
Ip Man,Wilson Yip,210198,2008,8.0,59.0,Action,Biography,Drama            
Murder on the Orient Express,Kenneth Branagh,210170,2017,6.5,52.0,Crime,Drama,Mystery            
Planet of the Apes,Tim Burton,209449,2001,5.7,50.0,Action,Adventure,Sci-Fi            
How to Lose a Guy in 10 Days,Donald Petrie,209082,2003,6.4,45.0,Comedy,Romance            
Romeo + Juliet,Baz Luhrmann,208934,1996,6.7,60.0,Drama,Romance            
Mars Attacks!,Tim Burton,208845,1996,6.3,52.0,Comedy,Sci-Fi            
It Follows,David Robert Mitchell,208535,2014,6.8,83.0,Horror,Mystery,Thriller            
The Girl with the Dragon Tattoo,Niels Arden Oplev,207874,2009,7.8,76.0,Crime,Drama,Mystery            
Call Me by Your Name,Luca Guadagnino,207519,2017,7.9,93.0,Drama,Romance            
Dogma,Kevin Smith,206995,1999,7.3,62.0,Adventure,Comedy,Drama            
Jason Bourne,Paul Greengrass,206739,2016,6.6,58.0,Action,Thriller            
The Lion King,Jon Favreau,206671,2019,6.9,55.0,Animation,Adventure,Drama            
Cowboys & Aliens,Jon Favreau,206644,2011,6.0,50.0,Action,Sci-Fi,Thriller            
Garden State,Zach Braff,206117,2004,7.4,67.0,Comedy,Drama,Romance            
Me Before You,Thea Sharrock,205894,2016,7.4,51.0,Drama,Romance            
How the Grinch Stole Christmas,Ron Howard,205837,2000,6.2,46.0,Comedy,Family,Fantasy            
Life,Daniel Espinosa,205750,2017,6.6,54.0,Horror,Sci-Fi,Thriller            
Daredevil,Mark Steven Johnson,205702,2003,5.3,42.0,Action,Crime            
Gangster Squad,Ruben Fleischer,205621,2013,6.7,40.0,Action,Crime,Drama            
A Nightmare on Elm Street,Wes Craven,205598,1984,7.5,76.0,Horror            
True Romance,Tony Scott,205350,1993,7.9,59.0,Crime,Drama,Romance            
White House Down,Roland Emmerich,205192,2013,6.4,52.0,Action,Drama,Thriller            
Match Point,Woody Allen,205100,2005,7.6,72.0,Drama,Romance,Thriller            
Rio,Carlos Saldanha,204904,2011,6.9,63.0,Animation,Adventure,Comedy            
Safe House,Daniel Espinosa,204834,2012,6.7,52.0,Action,Thriller            
Let the Right One In,Tomas Alfredson,204742,2008,7.9,82.0,Crime,Drama,Fantasy            
Glass,M. Night Shyamalan,204641,2019,6.7,43.0,Drama,Sci-Fi,Thriller            
Game Night,John Francis Daley,204281,2018,6.9,66.0,Action,Comedy,Crime            
Hercules,Ron Clements,204159,1997,7.3,74.0,Animation,Adventure,Comedy            
Die Another Day,Lee Tamahori,203813,2002,6.1,56.0,Action,Adventure,Thriller            
It Chapter Two,Andy Muschietti,203559,2019,6.5,58.0,Drama,Fantasy,Horror            
Madagascar: Escape 2 Africa,Eric Darnell,203543,2008,6.6,61.0,Animation,Adventure,Comedy            
The Ugly Truth,Robert Luketic,203289,2009,6.4,28.0,Comedy,Romance            
Cloudy with a Chance of Meatballs,Phil Lord,203288,2009,6.9,66.0,Animation,Adventure,Comedy            
Rocky Balboa,Sylvester Stallone,202974,2006,7.1,63.0,Action,Drama,Sport            
Get Smart,Peter Segal,202908,2008,6.5,54.0,Action,Adventure,Comedy            
Ghostbusters: Answer the Call,Paul Feig,202861,2016,6.6,60.0,Action,Comedy,Fantasy            
The Fate of the Furious,F. Gary Gray,202553,2017,6.7,56.0,Action,Adventure,Crime            
Anger Management,Peter Segal,202150,2003,6.3,52.0,Comedy            
Closer,Mike Nichols,202060,2004,7.2,65.0,Drama,Romance            
Tarzan,Chris Buck,202049,1999,7.3,79.0,Animation,Adventure,Family            
American Reunion,Jon Hurwitz,202012,2012,6.7,49.0,Comedy            
Hell or High Water,David Mackenzie,201964,2016,7.6,88.0,Action,Crime,Drama            
The Bridge on the River Kwai,David Lean,201813,1957,8.1,87.0,Adventure,Drama,War            
Tenet,Christopher Nolan,201677,2020,7.6,69.0,Action,Sci-Fi            
The Sound of Music,Robert Wise,201376,1965,8.0,63.0,Biography,Drama,Family            
The Purge,James DeMonaco,201309,2013,5.7,41.0,Horror,Thriller            
Ace Ventura: When Nature Calls,Steve Oedekerk,201309,1995,6.4,45.0,Adventure,Comedy,Crime            
The Great Dictator,Charles Chaplin,201170,1940,8.4,n/a,Comedy,Drama,War            
Dirty Dancing,Emile Ardolino,201103,1987,7.0,65.0,Drama,Music,Romance            
Butch Cassidy and the Sundance Kid,George Roy Hill,200825,1969,8.0,66.0,Biography,Crime,Drama            
Master and Commander: The Far Side of the World,Peter Weir,200687,2003,7.4,81.0,Action,Adventure,Drama            
The Girl Next Door,Luke Greenfield,200632,2004,6.7,47.0,Comedy,Drama,Romance            
Wind River,Taylor Sheridan,200591,2017,7.7,73.0,Crime,Drama,Mystery            
The Descent,Neil Marshall,200255,2005,7.2,71.0,Adventure,Horror,Thriller            
Teenage Mutant Ninja Turtles,Jonathan Liebesman,200083,2014,5.8,31.0,Action,Adventure,Comedy            
Pain & Gain,Michael Bay,199859,2013,6.4,45.0,Action,Comedy,Crime            
Sunset Blvd.,Billy Wilder,199733,1950,8.4,n/a,Drama,Film-Noir            
Carlito's Way,Brian De Palma,199434,1993,7.9,65.0,Crime,Drama,Thriller            
P.S. I Love You,Richard LaGravenese,199320,2007,7.0,39.0,Comedy,Drama,Romance            
Planet Terror,Robert Rodriguez,199189,2007,7.1,n/a,Action,Adventure,Comedy            
Blade II,Guillermo del Toro,198690,2002,6.7,52.0,Action,Fantasy,Horror            
The Impossible,J.A. Bayona,198643,2012,7.6,73.0,Drama,History,Thriller            
Big Daddy,Dennis Dugan,198580,1999,6.4,41.0,Comedy,Drama            
Rush Hour 2,Brett Ratner,198566,2001,6.6,48.0,Action,Comedy,Crime            
Oz the Great and Powerful,Sam Raimi,198354,2013,6.3,44.0,Adventure,Family,Fantasy            
G.I. Joe: The Rise of Cobra,Stephen Sommers,198326,2009,5.8,32.0,Action,Adventure,Sci-Fi            
A Walk to Remember,Adam Shankman,198326,2002,7.4,35.0,Drama,Romance            
Hidden Figures,Theodore Melfi,197801,2016,7.8,74.0,Biography,Drama,History            
Finding Neverland,Marc Forster,197797,2004,7.7,67.0,Biography,Drama,Family            
Toy Story 4,Josh Cooley,197352,2019,7.8,84.0,Animation,Adventure,Comedy            
The VVitch: A New-England Folktale,Robert Eggers,197207,2015,6.9,83.0,Drama,Horror,Mystery            
A Good Day to Die Hard,John Moore,197084,2013,5.3,28.0,Action,Thriller            
Napoleon Dynamite,Jared Hess,196968,2004,6.9,64.0,Comedy            
Death Race,Paul W.S. Anderson,196967,2008,6.4,43.0,Action,Sci-Fi,Thriller            
Lara Croft: Tomb Raider,Simon West,196883,2001,5.8,33.0,Action,Adventure,Fantasy            
Big,Penny Marshall,196844,1988,7.3,73.0,Comedy,Drama,Fantasy            
Fantastic Mr. Fox,Wes Anderson,196694,2009,7.9,83.0,Animation,Adventure,Comedy            
Remember the Titans,Boaz Yakin,196632,2000,7.8,48.0,Biography,Drama,Sport            
A Fistful of Dollars,Sergio Leone,196367,1964,8.0,65.0,Action,Drama,Western            
Gremlins,Joe Dante,196159,1984,7.3,70.0,Comedy,Fantasy,Horror            
Coraline,Henry Selick,195986,2009,7.7,80.0,Animation,Drama,Family            
Ghost,Jerry Zucker,195712,1990,7.1,52.0,Drama,Fantasy,Romance            
Happy Gilmore,Dennis Dugan,195555,1996,7.0,31.0,Comedy,Sport            
Everest,Baltasar Kormákur,195483,2015,7.1,64.0,Action,Adventure,Biography            
Revolutionary Road,Sam Mendes,195317,2008,7.3,69.0,Drama,Romance            
2 Guns,Baltasar Kormákur,195188,2013,6.7,55.0,Action,Crime,Thriller            
A Series of Unfortunate Events,Brad Silberling,195106,2004,6.8,62.0,Adventure,Comedy,Family            
The Babadook,Jennifer Kent,195064,2014,6.8,86.0,Drama,Horror,Mystery            
The Happening,M. Night Shyamalan,194859,2008,5.0,34.0,Drama,Mystery,Sci-Fi            
Traffic,Steven Soderbergh,194789,2000,7.6,86.0,Crime,Drama,Thriller            
Austin Powers in Goldmember,Jay Roach,194567,2002,6.2,62.0,Action,Adventure,Comedy            
Ghost in the Shell,Rupert Sanders,194426,2017,6.3,52.0,Action,Crime,Drama            
Ad Astra,James Gray,194212,2019,6.5,80.0,Adventure,Drama,Mystery            
Hansel & Gretel: Witch Hunters,Tommy Wirkola,193928,2013,6.1,23.0,Action,Fantasy,Horror            
EuroTrip,Jeff Schaffer,193817,2004,6.6,45.0,Comedy            
Chef,Jon Favreau,193670,2014,7.3,68.0,Adventure,Comedy,Drama            
When Harry Met Sally...,Rob Reiner,193657,1989,7.6,76.0,Comedy,Drama,Romance            
American Wedding,Jesse Dylan,193558,2003,6.3,43.0,Comedy            
Midsommar,Ari Aster,193479,2019,7.1,72.0,Drama,Horror,Mystery            
"I Love You, Man",John Hamburg,193100,2009,7.0,70.0,Comedy,Romance            
You've Got Mail,Nora Ephron,193025,1998,6.7,57.0,Comedy,Drama,Romance            
The Chronicles of Narnia: Prince Caspian,Andrew Adamson,192910,2008,6.5,62.0,Action,Adventure,Family            
The Number 23,Joel Schumacher,192520,2007,6.4,n/a,Crime,Mystery,Thriller            
Bad Teacher,Jake Kasdan,192237,2011,5.6,47.0,Comedy,Romance            
Rosemary's Baby,Roman Polanski,192018,1968,8.0,96.0,Drama,Horror            
"South Park: Bigger, Longer & Uncut",Trey Parker,191375,1999,7.7,73.0,Animation,Comedy,Fantasy            
Bram Stoker's Dracula,Francis Ford Coppola,191370,1992,7.4,57.0,Horror            
The Secret in Their Eyes,Juan José Campanella,191197,2009,8.2,80.0,Drama,Mystery,Romance            
Blue Jasmine,Woody Allen,190878,2013,7.3,78.0,Drama            
After Earth,M. Night Shyamalan,190636,2013,4.8,33.0,Action,Adventure,Sci-Fi            
What Women Want,Nancy Meyers,190466,2000,6.4,47.0,Comedy,Fantasy,Romance            
Transporter 2,Louis Leterrier,190393,2005,6.3,56.0,Action,Crime,Thriller            
Mad Max,George Miller,190318,1979,6.9,73.0,Action,Adventure,Sci-Fi            
Rocky II,Sylvester Stallone,190269,1979,7.3,61.0,Drama,Sport            
Ice Age: Continental Drift,Steve Martino,190248,2012,6.6,49.0,Animation,Adventure,Comedy            
King Arthur: Legend of the Sword,Guy Ritchie,190072,2017,6.7,41.0,Action,Adventure,Drama            
You Don't Mess with the Zohan,Dennis Dugan,189840,2008,5.5,54.0,Comedy            
Orphan,Jaume Collet-Serra,189748,2009,6.9,42.0,Horror,Mystery,Thriller            
Machete,Ethan Maniquis,189510,2010,6.6,60.0,Action,Crime,Thriller            
The Croods,Kirk DeMicco,189500,2013,7.2,55.0,Animation,Adventure,Comedy            
Hanna,Joe Wright,189495,2011,6.8,65.0,Action,Drama,Thriller            
The Raid: Redemption,Gareth Evans,189388,2011,7.6,73.0,Action,Thriller            
Mother!,Darren Aronofsky,189135,2017,6.6,75.0,Drama,Horror,Mystery            
Underworld: Evolution,Len Wiseman,188972,2006,6.7,36.0,Action,Fantasy,Thriller            
Your Name.,Makoto Shinkai,188892,2016,8.4,79.0,Animation,Drama,Fantasy            
Tomb Raider,Roar Uthaug,188855,2018,6.3,48.0,Action,Adventure,Fantasy            
The Boy in the Striped Pajamas,Mark Herman,188849,2008,7.8,55.0,Drama,History,War            
Bolt,Byron Howard,188533,2008,6.8,67.0,Animation,Adventure,Comedy            
The Internship,Shawn Levy,188519,2013,6.3,42.0,Comedy            
Project X,Nima Nourizadeh,187774,2012,6.6,48.0,Comedy            
Run Lola Run,Tom Tykwer,187494,1998,7.6,77.0,Crime,Drama,Thriller            
The World Is Not Enough,Michael Apted,187275,1999,6.4,57.0,Action,Adventure,Crime            
Drag Me to Hell,Sam Raimi,187178,2009,6.5,83.0,Horror,Thriller            
Primal Fear,Gregory Hoblit,187177,1996,7.7,47.0,Crime,Drama,Mystery            
Dark City,Alex Proyas,187031,1998,7.6,66.0,Mystery,Sci-Fi,Thriller            
Captain Fantastic,Matt Ross,186568,2016,7.9,72.0,Comedy,Drama            
Brazil,Terry Gilliam,186480,1985,7.9,84.0,Drama,Sci-Fi            
The Evil Dead,Sam Raimi,186190,1981,7.5,71.0,Horror            
Miss Congeniality,Donald Petrie,186123,2000,6.2,43.0,Action,Comedy,Crime            
Fracture,Gregory Hoblit,185995,2007,7.2,68.0,Crime,Drama,Thriller            
Tinker Tailor Soldier Spy,Tomas Alfredson,185909,2011,7.0,85.0,Drama,Mystery,Thriller            
The Karate Kid,John G. Avildsen,185845,1984,7.3,60.0,Action,Drama,Family            
The Hitchhiker's Guide to the Galaxy,Garth Jennings,185816,2005,6.8,63.0,Adventure,Comedy,Sci-Fi            
